year,month,lon,lat,urea_uptake_nMperH,NH4_uptake_nMperH,NO3_uptake_nMperH,urea_specific_uptake_perH,NH4_specific_uptake_perH,NO3_specific_uptake_perH,urea_affinity,NH4_affinity,NO3_affinity,Urea,NH4,NOx,Chl,PAR,SST,log_urea_ammonia,log_urea_nitrate,uptake_log_urea_ammonia,uptake_log_urea_nitrate,totalN_uptake,urea_contribution
1970,6,-118.2,33.8,NA,NA,NA,0.8866666666666667,0.955,2.245,NA,NA,NA,NA,NA,NA,NA,NA,NA,NA,NA,NA,NA,NA,NA
1970,6,-117.2,32.5,NA,NA,NA,2,1.01,6.29,NA,NA,NA,NA,NA,NA,NA,NA,NA,NA,NA,NA,NA,NA,NA
1970,6,-117.2,32.6,NA,NA,NA,2.24,0.96,5.15,NA,NA,NA,NA,NA,NA,NA,NA,NA,NA,NA,NA,NA,NA,NA
1970,6,-117.2,32.7,NA,NA,NA,0.20800000000000002,3.614,0.506,NA,NA,NA,NA,NA,NA,NA,NA,NA,NA,NA,NA,NA,NA,NA
1970,6,-117.2,32.9,NA,NA,NA,1.887727272727273,1.7895454545454546,2.0545454545454547,NA,NA,NA,NA,NA,NA,NA,NA,NA,NA,NA,NA,NA,NA,NA
1971,11,-147.3,30.8,1.1875,0.6875,0,NA,NA,NA,NA,NA,NA,0.1375,0.0435,0.01,0.07164528695019809,26.058612501764873,22.281533248722553,0.8008434368756254,1.4393326938302626,0.23736091579460392,Inf,1.875,0.6333333333333333
1971,11,-143,30.7,0.5125,0.6666666666666665,0,NA,NA,NA,NA,NA,NA,0.09,0.0685,0.025,0.0724757459353317,25.64551624619817,21.81447798013687,0.4195819336108805,0.8573324964312684,-0.11421487121652676,Inf,1.1791666666666665,0.4346289752650177
1971,11,-136.7,31.8,0.7708333333333335,1.0208333333333315,0,NA,NA,NA,NA,NA,NA,0.09,0.065,0.015,0.07429856011136012,23.90211844157023,20.55809198319912,0.4423591484604505,1.0791812460476249,-0.1219943559615178,Inf,1.791666666666665,0.43023255813953537
1972,6,-155,31,0.854166666666667,0.2,0.06458333333333335,NA,NA,NA,NA,NA,NA,0.26,0.065,NA,0.05139405608531974,57.4330233165196,22.36259040981531,0.9030899869919435,NA,0.6305126236801673,1.1214221628854628,1.1187500000000004,0.7635009310986964
1972,6,-155,31,0.854166666666667,0.2,0.06458333333333335,NA,NA,NA,NA,NA,NA,0.22666666666666668,0.12133333333333332,NA,0.05139405608531974,57.4330233165196,22.36259040981531,0.5724375247211616,NA,0.6305126236801673,1.1214221628854628,1.1187500000000004,0.7635009310986964
1973,2,-155,28,0.12750000000000009,0.14999999999999986,0.06833333333333334,NA,NA,NA,NA,NA,NA,0.104,0.236,NA,0.10026697920901435,33.94698031743368,20.522690455118816,-0.05484866800734504,NA,-0.07058107428570654,0.2708775784338823,0.3458333333333333,0.368674698795181
1973,6,-155,28,0.33194444444444465,0.652777777777778,0.098611111111111,NA,NA,NA,NA,NA,NA,0.08499999999999999,0.2966666666666667,NA,0.04580305711854072,58.11716611044748,23.82149723544717,-0.24181983054697645,NA,-0.29369995698757967,0.5271395522290632,1.0833333333333337,0.3064102564102565
1973,12,-155,27.5,0.0791666666666667,0.5833333333333329,0.0166666666666667,NA,NA,NA,NA,NA,NA,0.045,0.43,NA,0.08990418809381398,25.373742428692903,22.8396557494998,-0.6792259461402617,NA,-0.8673744347254085,0.6766936096248659,0.6791666666666664,0.11656441717791421
1973,12,-141,29.5,0.0708333333333333,0.229166666666667,0.025,NA,NA,NA,NA,NA,NA,0.08,0.12,NA,0.08627301217480139,22.96977069161155,20.3985412158072,0.1249387366083,NA,-0.5099137681159707,0.45229767099463014,0.3250000000000003,0.21794871794871767
1973,12,-134.5,30.3,0.16666666666666702,0.2375,0.029166666666666702,NA,NA,NA,NA,NA,NA,0.17,0.25,NA,0.0898163342340426,21.446111462332983,19.439527574926615,0.13353890837021754,NA,-0.15381486434452807,0.756961951313706,0.4333333333333337,0.38461538461538514
1973,12,-123.5,31.8,0.158333333333333,0.341666666666667,0.0333333333333333,NA,NA,NA,NA,NA,NA,0.09,0.15,NA,0.1949332095682621,21.685486457564615,16.325785093009472,0.07918124604762482,NA,-0.3340302557669079,0.6766936096248661,0.5333333333333333,0.2968749999999994
1974,2,-155,28,0.38416666666666655,0.5083333333333332,0.029166666666666674,NA,NA,NA,NA,NA,NA,NA,NA,NA,NA,NA,NA,NA,NA,-0.12162890962111893,1.1196328810393723,0.9216666666666664,0.4168173598553345
1980,7,-65.5,75,1.19444444444444,0.916666666666667,3.43055555555556,NA,NA,NA,NA,NA,NA,NA,NA,NA,NA,NA,NA,NA,NA,0.11495451570169726,-0.45819850201610013,5.541666666666667,0.21553884711779367
1980,7,-58,74.4,2.2361111111111103,1.94444444444444,0.75,NA,NA,NA,NA,NA,NA,NA,NA,NA,NA,NA,NA,NA,NA,0.06069784035361249,0.47443211620888104,4.93055555555555,0.4535211267605637
1980,8,-99.7,74.1,1.41025641025641,0.6944444444444441,1.5384615384615399,NA,NA,NA,NA,NA,NA,NA,NA,NA,NA,NA,NA,NA,NA,0.3076605745629944,-0.037788560889400274,3.6431623931623935,0.38709677419354827
1980,8,-90.5,73.7,0.532407407407407,0.324074074074074,0.405092592592593,NA,NA,NA,NA,NA,NA,NA,NA,NA,NA,NA,NA,NA,NA,0.2155998003393546,0.11868978733129763,1.261574074074074,0.4220183486238529
1980,8,-84.2,73.1,3.81313131313131,1.5656565656565702,1.88131313131313,NA,NA,NA,NA,NA,NA,NA,NA,NA,NA,NA,NA,NA,NA,0.386585257794914,0.3068206745448766,7.26010101010101,0.5252173913043474
1980,8,-83.7,73.2,2.27272727272727,2.89141414141414,0.656565656565657,NA,NA,NA,NA,NA,NA,NA,NA,NA,NA,NA,NA,NA,NA,-0.10456297723658226,0.539269161468506,5.820707070707067,0.390455531453362
1980,8,-83.1,73,3.4722222222222197,2.3919753086419804,1.7592592592592602,NA,NA,NA,NA,NA,NA,NA,NA,NA,NA,NA,NA,NA,NA,0.16185081994106976,0.2952776667748893,7.62345679012346,0.4554655870445339
1980,8,-74.2,77.3,1.6820987654321,1.21913580246914,12.746913580246899,NA,NA,NA,NA,NA,NA,NA,NA,NA,NA,NA,NA,NA,NA,0.13979940665018104,-0.8795535493797578,15.648148148148138,0.10749506903353072
1980,8,-71.5,73.9,0.351851851851852,1.26851851851852,3.1944444444444398,NA,NA,NA,NA,NA,NA,NA,NA,NA,NA,NA,NA,NA,NA,-0.5569369705395969,-0.9580354984564631,4.814814814814811,0.07307692307692316
1980,8,-69.1,78.7,5.72916666666667,2.44791666666667,3.125,NA,NA,NA,NA,NA,NA,NA,NA,NA,NA,NA,NA,NA,NA,0.36929482722250717,0.2632414347745817,11.30208333333334,0.5069124423963134
1980,8,-66.1,74.6,0.8333333333333329,1.21913580246914,1.2962962962963,NA,NA,NA,NA,NA,NA,NA,NA,NA,NA,NA,NA,NA,NA,-0.1652333314674747,-0.1918855262389146,3.348765432098773,0.24884792626728042
1980,8,-64.3,75.1,0.357142857142857,1.16071428571429,0.962301587301587,NA,NA,NA,NA,NA,NA,NA,NA,NA,NA,NA,NA,NA,NA,-0.5118833609788762,-0.43046923349895766,2.480158730158734,0.14399999999999974
1982,11,-175,39.1,NA,NA,NA,NA,NA,NA,0.01325,0.02728571428571428,3.6e-4,NA,NA,NA,NA,NA,NA,NA,NA,NA,NA,NA,NA
1982,11,151.8,37.3,NA,NA,NA,NA,NA,NA,0.062,0.014195121951219514,0.0016329113924050634,NA,NA,NA,NA,NA,NA,NA,NA,NA,NA,NA,NA
1982,11,171.4,37.4,NA,NA,NA,NA,NA,NA,NA,NA,0.0016363636363636365,NA,NA,NA,NA,NA,NA,NA,NA,NA,NA,NA,NA
1982,11,178.1,37.6,NA,NA,NA,NA,NA,NA,0.00425,0.016375,3.150984682713348e-4,NA,NA,NA,NA,NA,NA,NA,NA,NA,NA,NA,NA
1982,12,-162.9,40.3,NA,NA,NA,NA,NA,NA,0.006285714285714286,0.012266666666666667,3.532934131736527e-4,NA,NA,NA,NA,NA,NA,NA,NA,NA,NA,NA,NA
1982,12,-150.3,40.8,NA,NA,NA,NA,NA,NA,0.007,0.0064375,4.3231441048034936e-4,NA,NA,NA,NA,NA,NA,NA,NA,NA,NA,NA,NA
1982,12,-138.2,41,NA,NA,NA,NA,NA,NA,0.015,0.024799999999999996,0.0016923076923076924,NA,NA,NA,NA,NA,NA,NA,NA,NA,NA,NA,NA
1982,12,-112.9,28.5,NA,NA,NA,NA,NA,NA,0.044,0.0324,0.002666666666666667,NA,NA,NA,NA,NA,NA,NA,NA,NA,NA,NA,NA
1983,1,-121.1,32.8,NA,NA,NA,NA,NA,NA,0.0089,0.028799999999999996,0.014499999999999999,NA,NA,NA,NA,NA,NA,NA,NA,NA,NA,NA,NA
1983,1,-103.2,20.2,NA,NA,NA,NA,NA,NA,0.036,0.04077777777777778,0.01771428571428571,NA,NA,NA,NA,NA,NA,NA,NA,NA,NA,NA,NA
1983,1,-102,18.1,NA,NA,NA,NA,NA,NA,0.05,0.05391666666666666,0.007583333333333334,NA,NA,NA,NA,NA,NA,NA,NA,NA,NA,NA,NA
1983,1,-100.8,13.9,NA,NA,NA,NA,NA,NA,0.21299999999999997,0.06585714285714286,0.04699999999999999,NA,NA,NA,NA,NA,NA,NA,NA,NA,NA,NA,NA
1983,1,-98.7,6.3,NA,NA,NA,NA,NA,NA,0.031125000000000003,0.04800000000000001,0.005833333333333333,NA,NA,NA,NA,NA,NA,NA,NA,NA,NA,NA,NA
1983,1,-97.9,-0.3,NA,NA,NA,NA,NA,NA,NA,NA,NA,NA,NA,NA,NA,NA,NA,NA,NA,NA,NA,NA,NA
1983,1,-91.2,6,NA,NA,NA,NA,NA,NA,0.02023076923076923,0.04623076923076923,0.012000000000000002,NA,NA,NA,NA,NA,NA,NA,NA,NA,NA,NA,NA
1983,1,-89.1,11.3,NA,NA,NA,NA,NA,NA,0.0418,0.060599999999999994,0.00925,NA,NA,NA,NA,NA,NA,NA,NA,NA,NA,NA,NA
1983,2,-162.7,21.5,NA,NA,NA,NA,NA,NA,0.0226,0.025599999999999998,0.0025384615384615385,NA,NA,NA,NA,NA,NA,NA,NA,NA,NA,NA,NA
1983,2,-155.5,20.8,NA,NA,NA,NA,NA,NA,0.015099999999999999,0.02625,0.0029999999999999996,NA,NA,NA,NA,NA,NA,NA,NA,NA,NA,NA,NA
1983,2,-144.5,26.2,NA,NA,NA,NA,NA,NA,0.009272727272727273,0.024636363636363637,0.0038333333333333336,NA,NA,NA,NA,NA,NA,NA,NA,NA,NA,NA,NA
1983,2,172,24.5,NA,NA,NA,NA,NA,NA,0.013099999999999999,0.030428571428571423,0.018,NA,NA,NA,NA,NA,NA,NA,NA,NA,NA,NA,NA
1983,12,15.4,-31,16.400000000000002,3.2,83.5,NA,NA,NA,NA,NA,NA,0.17,0.32,0.02,0.29896732250397856,63.821499997919254,19.236030153930187,0.02632893872234915,1.2304489213782739,0.7096938697277919,-0.7068426274359041,103.1,0.15906886517943747
1983,12,16.5,-32.7,3.5,1.5,49.3,NA,NA,NA,NA,NA,NA,0.01,0.44,0.08,0.3622228868983008,63.91729519583962,19.415885902941227,-1.3424226808222062,-0.6020599913279624,0.36797678529459443,-1.1487788749269543,54.3,0.06445672191528545
1983,12,16.6,-29.5,13.4,427,18.3,NA,NA,NA,NA,NA,NA,0.105,0.11,1.9,2.895358833399686,64.48517088456587,16.90612506866455,0.2808266095756942,-0.9565343062189097,-1.5033230766602164,-0.13534629136562182,458.7,0.02921299324177022
1983,12,16.7,-29.4,79.60000000000001,223.39999999999998,30.3,NA,NA,NA,NA,NA,NA,0.295,0.22,1.05,3.866801532832059,64.190636027943,16.051850952208042,0.42842933081993795,-0.2503372874277939,-0.4481701010419211,0.4194704392353641,333.3,0.23882388238823885
1983,12,17,-30,71,204.4,24.7,NA,NA,NA,NA,NA,NA,0.23,0.11,0.89,4.421089643781835,64.10654020309448,14.952665797434747,0.6213651465233491,-0.28663217496333865,-0.4592225427435998,0.4585613954594096,300.09999999999997,0.2365878040653116
1983,12,17.2,-33.7,11.2,18.3,17.5,NA,NA,NA,NA,NA,NA,0.415,0.56,0.92,0.3638644421642477,63.77893174778331,19.52754295617342,0.17089006536987345,-0.04470973496948141,-0.21323306706024792,-0.1938200260161128,47,0.23829787234042552
1983,12,17.2,-30.3,43.4,178.9,62.1,NA,NA,NA,NA,NA,NA,NA,NA,NA,NA,NA,NA,NA,NA,-0.6151206110548623,-0.1556018706640695,284.40000000000003,0.15260196905766524
1983,12,17.2,-30.2,1.1,69.1,47,NA,NA,NA,NA,NA,NA,NA,NA,NA,NA,NA,NA,NA,NA,-1.7980853622159734,-1.6307051727774924,117.19999999999999,0.00938566552901024
1983,12,17.8,-32.4,3.1,242.5,109.7,NA,NA,NA,NA,NA,NA,0.01,0.92,6.84,3.1335627924312246,65.2869369766929,17.051393173635006,-1.662757831681574,-2.534026106056135,-1.8933500491040098,-1.5488449337404384,355.3,0.008725021108922038
1983,12,18.2,-31.7,14.8,66,42.9,NA,NA,NA,NA,NA,NA,NA,NA,NA,NA,NA,NA,NA,NA,-0.6492822201469113,-0.4621955767897668,123.69999999999999,0.11964430072756671
1983,12,18.3,-34,16,22.2,39.800000000000004,NA,NA,NA,NA,NA,NA,NA,NA,NA,NA,NA,NA,NA,NA,-0.1422329917947138,-0.3957630894177631,78,0.20512820512820512
1985,7,-125.9,44.2,19,125,694,NA,NA,NA,NA,NA,NA,0.34,0.16,0.8,0.33705351975831116,49.56360387802124,15.996185190975666,0.6283889300503115,-0.07058107428570728,-0.8181564120552275,-1.562605869502026,838,0.022673031026252982
1985,7,-125.3,44,20,95,151,NA,NA,NA,NA,NA,NA,0.01,0.51,3.3,0.7574538398872722,50.667544559998944,14.964659571647644,-1.4065401804339552,-2.2174839442139063,-0.6766936096248666,-0.8779469516291882,266,0.07518796992481203
1985,7,-125.3,45,8,32,13,NA,NA,NA,NA,NA,NA,0.01,0.06,1.1,0.5688174184073101,48.58566680821505,15.86300241574645,-0.4771212547196624,-1.7403626894942439,-0.6020599913279624,-0.21085336531489315,53,0.1509433962264151
1985,7,-125.2,44.3,21,26,245,NA,NA,NA,NA,NA,NA,0.27,0.18,0.7,0.8250959705222737,50.327908299186014,15.202215649187565,0.4771212547196625,-0.11270428019128824,-0.09275405323689868,-1.0669467896306133,292,0.07191780821917808
1985,7,-125.1,46.8,34,141,815.5,NA,NA,NA,NA,NA,NA,0.035,1.035,3.4499999999999997,0.46936236999251624,46.810805949297816,15.405957218259571,-1.1698423097786796,-1.6927210550590173,-0.6177401956131248,-1.3799450483340394,990.5,0.034326097930338216
1985,7,-125,44.4,19,84,438,NA,NA,NA,NA,NA,NA,0.26,0.135,1,1.7321844358335845,50.94083163954995,14.700003057718275,0.585669575139793,-0.28399665636520083,-0.6455256851090527,-1.3627205095512707,541,0.03512014787430684
1985,7,-124.4,46.8,11,18,4,NA,NA,NA,NA,NA,NA,0.345,0.08,42.599999999999994,2.634214157407934,48.714138464494184,13.443942591547966,0.9357591037453117,-1.7905605083654637,-0.21387981994508098,0.43933269383026263,33,0.3333333333333333
1985,7,-124.2,44.7,35.5,43.5,24.5,NA,NA,NA,NA,NA,NA,NA,NA,NA,NA,NA,NA,NA,NA,-0.08826090389954323,0.16106226869056164,103.5,0.34299516908212563
1985,8,-75,36,256.8,530.4,69.5,NA,NA,NA,NA,NA,NA,0.22769230769230772,0.1375,0.3538461538461539,0.45563881370154297,48.49381169405851,26.72258674353361,0.5200756562498016,0.10956387504134567,-0.315008495999901,0.5676102148067018,856.7,0.29975487335123147
1985,8,-70,33.8,39.333333333333336,7.466666666666667,15,NA,NA,NA,NA,NA,NA,0.06358974358974359,0.26666666666666666,0.01,0.04024283003739335,48.49834858287465,27.56042155623436,-0.3215516628085829,1.1044170694636983,0.7216339889719626,0.4186694935307817,61.800000000000004,0.6364617044228694
1985,8,-66,32.5,41,54,16,NA,NA,NA,NA,NA,NA,0.16410256410256413,0.08333333333333333,0.2153846153846154,0.03906459784643217,49.79199101708152,27.721152372658253,0.595326608668994,0.18293068358598674,-0.119609903103233,0.4086638740638107,111,0.36936936936936937
1985,9,10.5,-20,18.6222222222222,30.0555555555556,36.3444444444444,NA,NA,NA,NA,NA,NA,NA,NA,NA,NA,NA,NA,NA,NA,-0.20789325514833176,-0.29040652983072396,85.0222222222222,0.2190277051751174
1985,9,12.8,-21.1,11.799999999999999,78.9272727272727,59.618181818181796,NA,NA,NA,NA,NA,NA,NA,NA,NA,NA,NA,NA,NA,NA,-0.8253450890383305,-0.7034967198689959,150.3454545454545,0.07848591123473216
1985,9,12.8,-20.1,12.70625,15.15625,8.68125,NA,NA,NA,NA,NA,NA,NA,NA,NA,NA,NA,NA,NA,NA,-0.07657436430024382,0.16543513290042303,36.54375,0.34769967504703264
1985,9,13,-23,5.7545454545454495,16.890909090909098,27.5363636363636,NA,NA,NA,NA,NA,NA,NA,NA,NA,NA,NA,NA,NA,NA,-0.4676419996402684,-0.6798955633155004,50.181818181818144,0.11467391304347825
1985,9,13,-22.5,4.5214285714285705,16.4428571428571,10.564285714285699,NA,NA,NA,NA,NA,NA,NA,NA,NA,NA,NA,NA,NA,NA,-0.5607016092764169,-0.3685644639795368,31.52857142857137,0.14340734028092456
1985,9,13.5,-26,6.868965517241381,34.241379310344804,6.89655172413793,NA,NA,NA,NA,NA,NA,0.2695522388059701,0.842686567164179,8.08358208955224,0.8276776454665444,45.73721478202126,14.575487539172173,-0.19399313216943237,-1.1759309140356198,-0.6976599144077008,-0.0017406615763011248,48.00689655172411,0.143082890389312
1985,9,13.7,-26.6,7.861904761904759,7.48571428571429,2.63333333333333,NA,NA,NA,NA,NA,NA,NA,NA,NA,NA,NA,NA,NA,NA,0.02129453155940414,0.4750219419580957,17.980952380952377,0.43723516949152536
1985,9,14,-24,6.90588235294118,18.8823529411765,15.6941176470588,NA,NA,NA,NA,NA,NA,0.3398507462686567,0.5731343283582089,7.552238805970149,1.8857716538689353,44.123004783283584,13.783349107950926,0.07406180191159321,-1.0457574905606752,-0.43683693549327685,-0.3565177283329148,41.48235294117648,0.16647759500850828
1985,9,14.2,-23,3.3529411764705896,9.51764705882353,5.83529411764706,NA,NA,NA,NA,NA,NA,NA,NA,NA,NA,NA,NA,NA,NA,-0.4531036616037619,-0.2406368164816872,18.705882352941178,0.179245283018868
1985,9,14.7,-25.5,2.88421052631579,12.0526315789474,5.505263157894739,NA,NA,NA,NA,NA,NA,NA,NA,NA,NA,NA,NA,NA,NA,-0.6210549238555199,-0.28075112604688635,20.44210526315793,0.1410916580844488
1988,7,170.8,-40.9,690,280,2085,NA,NA,NA,NA,NA,NA,0.21,NA,1.85,0.23290689492767508,13.903051446784628,14.106967382133009,NA,-0.6439224380051134,0.3916910593950361,-0.48025696857252104,3055,0.22585924713584288
1988,7,170.9,-42.6,180,992.5,1385,NA,NA,NA,NA,NA,NA,0.02,0.16,0.8,2.0355170450427313,12.851443523710424,12.609851382672788,-0.6020599913279624,-1.3010299956639813,-0.7414580103318467,-0.8861772682971614,2557.5,0.07038123167155426
1988,7,171,-42.9,375,1000,6905,NA,NA,NA,NA,NA,NA,NA,NA,NA,NA,NA,NA,NA,NA,-0.42596873227228116,-1.2651324151869312,8280,0.04528985507246377
1988,7,171.1,-42.7,160,485,955,NA,NA,NA,NA,NA,NA,NA,NA,NA,NA,NA,NA,NA,NA,-0.4816217559463389,-0.7758833889278215,1600,0.1
1988,7,171.1,-41.1,250,555,2640,NA,NA,NA,NA,NA,NA,0.07,NA,2.4,0.24893491782925345,13.86557712880048,14.123447377234696,NA,-1.234083206033368,-0.3463529744506386,-1.0236639181977936,3445,0.07256894049346879
1988,7,171.2,-43,240,1930,750,NA,NA,NA,NA,NA,NA,NA,NA,NA,NA,NA,NA,NA,NA,-0.9053460672961677,-0.494850021680094,2920,0.0821917808219178
1988,7,171.2,-42.8,340,640,1200,NA,NA,NA,NA,NA,NA,NA,NA,NA,NA,NA,NA,NA,NA,-0.27470105694163205,-0.5477023290053697,2180,0.1559633027522936
1988,7,171.4,-41.3,540,1720,480,NA,NA,NA,NA,NA,NA,0.01,0.04,2.8,0.45434108782898297,13.84612547267567,13.635761596262457,-0.3010299956639812,-2.146128035678238,-0.5031346870845804,0.05115252244738129,2740,0.19708029197080293
1988,7,171.5,-41.4,223.33333333333334,450,9940,NA,NA,NA,NA,NA,NA,0.01,0.01,10.55,1.4357672414996407,13.67759702422402,13.1205481197685,0.3010299956639812,-2.72222246396973,-0.3042589657941797,-1.6484328364161493,10613.333333333334,0.021042713567839197
1992,9,-145,50,2.0208333333333304,3.046875,1.66145833333333,NA,NA,NA,NA,NA,NA,0.25793650793650746,0.309523809523809,NA,0.35380786725065927,22.12923666563901,13.226203199476004,0.22184874961635634,NA,-0.17832414048797388,0.08504104253702639,6.729166666666661,0.3003095975232196
1992,9,-145,50,2.0208333333333304,3.046875,1.66145833333333,NA,NA,NA,NA,NA,NA,0.5566666666666666,0.42,2.1,0.35380786725065927,22.12923666563901,13.226203199476004,0.42337592169400157,-0.27559408264201724,-0.17832414048797388,0.08504104253702639,6.729166666666661,0.3003095975232196
1992,9,-145,50,2.0208333333333304,3.046875,1.66145833333333,NA,NA,NA,NA,NA,NA,0.24666666666666665,0.29333333333333333,7.9,0.35380786725065927,22.12923666563901,13.226203199476004,0.22577904324478873,-1.2044866306151465,-0.17832414048797388,0.08504104253702639,6.729166666666661,0.3003095975232196
1992,9,-138.7,49.3,1.5773809523809499,4.4583333333333295,0.9464285714285711,NA,NA,NA,NA,NA,NA,0.12941176470588217,0.44705882352941134,NA,0.281484838236462,23.8161344203082,14.393515840172768,-0.23736091579460417,NA,-0.4512359437626589,0.22184874961635587,6.9821428571428505,0.22591645353793677
1992,9,-134.7,50,1.55208333333333,3.80208333333333,0.401041666666667,NA,NA,NA,NA,NA,NA,0.5568627450980365,0.4078431372549013,NA,0.3135816197503697,24.508452675559305,14.896176036447288,0.43628500074825594,NA,-0.3891065960442012,0.587725538903772,5.755208333333327,0.26968325791855174
1992,9,-130.7,49,0.265625,1.2760416666666698,0.140625,NA,NA,NA,NA,NA,NA,0.01,0.1282499763638061,NA,0.3249861591241576,25.604236656969245,15.787926882505417,-0.8070272980803442,NA,-0.6815959082665972,0.27620641193894907,1.6822916666666698,0.15789473684210498
1992,9,-130.7,49,0.265625,1.2760416666666698,0.140625,NA,NA,NA,NA,NA,NA,0.0175,0.2375,0.01,0.3249861591241576,25.604236656969245,15.787926882505417,-0.8315955696106097,0.5440680443502757,-0.6815959082665972,0.27620641193894907,1.6822916666666698,0.15789473684210498
1992,9,-126.7,48.6,0.21969696969697,4.5,1.8030303030303,NA,NA,NA,NA,NA,NA,0.01,0.43023255813953426,NA,0.9524831135164608,28.346009796315972,14.806817840784788,-1.3326732771594454,NA,-1.3113884470822368,-0.9141789591575545,6.52272727272727,0.033681765389082526
1992,9,-126.7,48.6,0.21969696969697,4.5,1.8030303030303,NA,NA,NA,NA,NA,NA,0.01,0.414,1.4200000000000002,0.9524831135164608,28.346009796315972,14.806817840784788,-1.3159703454569176,-1.8512583487190752,-1.3113884470822368,-0.9141789591575545,6.52272727272727,0.033681765389082526
1993,3,-145,50,0.17708333333333298,1.234375,0.552083333333333,NA,NA,NA,NA,NA,NA,0.03571428571428567,0.333333333333333,NA,0.2688293130624862,22.985232870262788,5.789696931838989,-0.6690067809585757,NA,-0.8432694289678496,-0.4938269482225157,1.963541666666666,0.09018567639257279
1993,3,-145,50,0.17708333333333298,1.234375,0.552083333333333,NA,NA,NA,NA,NA,NA,0.25,0.18,6.225,0.2688293130624862,22.985232870262788,5.789696931838989,0.44369749923271273,-1.095169351431755,-0.8432694289678496,-0.4938269482225157,1.963541666666666,0.09018567639257279
1993,3,-145,50,0.17708333333333298,1.234375,0.552083333333333,NA,NA,NA,NA,NA,NA,0.06,0.3,11.95,0.2688293130624862,22.985232870262788,5.789696931838989,-0.3979400086720376,-1.9981866592365316,-0.8432694289678496,-0.4938269482225157,1.963541666666666,0.09018567639257279
1993,3,-138.7,49.3,0.24404761904761899,2.11904761904762,0.619047619047619,NA,NA,NA,NA,NA,NA,0.01470588235294112,0.2823529411764705,NA,0.27846336719535647,24.517443714371648,6.93869850370619,-0.9822712330395699,NA,-0.93866614125314,-0.4042494825790449,2.982142857142858,0.08183632734530934
1993,3,-134.7,50,1.03571428571429,0.9107142857142859,0.32142857142857095,NA,NA,NA,NA,NA,NA,0.24705882352941164,0.18235294117647,NA,0.3031340390443802,24.582022011998188,7.024048566818237,0.43291759222761017,NA,0.055857817465002596,0.5081554884596337,2.267857142857147,0.4566929133858279
1993,3,-130.7,49,0.458333333333333,0.9583333333333329,0.43452380952381,NA,NA,NA,NA,NA,NA,0.0537959723929281,0.1942422236929175,NA,0.33467334296022144,25.438389743667052,7.835963010787964,-0.2565638835388349,NA,-0.320335150859368,0.023167865052025147,1.8511904761904758,0.2475884244372989
1993,3,-130.7,49,0.458333333333333,0.9583333333333329,0.43452380952381,NA,NA,NA,NA,NA,NA,0.05,0.1875,7.5,0.33467334296022144,25.438389743667052,7.835963010787964,-0.27300127206373764,-1.8750612633917,-0.320335150859368,0.023167865052025147,1.8511904761904758,0.2475884244372989
1993,3,-126.7,48.6,0.677083333333333,2.390625,0.34895833333333304,NA,NA,NA,NA,NA,NA,0.3139534883720925,0.511627906976743,NA,0.5445251564184824,25.851197001445723,8.700613498687744,0.0889410833367814,NA,-0.5478693332304246,0.2878685496060105,3.416666666666666,0.19817073170731703
1993,3,-126.7,48.6,0.677083333333333,2.390625,0.34895833333333304,NA,NA,NA,NA,NA,NA,0.32,0.47,4,0.5445251564184824,25.851197001445723,8.700613498687744,0.13408211604816977,-0.7958800173440752,-0.5478693332304246,0.2878685496060105,3.416666666666666,0.19817073170731703
1993,5,-145,50,3.80833333333333,4.25833333333333,2.55833333333333,NA,NA,NA,NA,NA,NA,0.5208333333333323,0.327380952380952,NA,0.24513753751913703,37.94314411018468,7.164861001074314,0.5026753591920502,NA,-0.04850470006486256,0.17277782459266394,10.62499999999999,0.35843137254901963
1993,5,-145,50,3.80833333333333,4.25833333333333,2.55833333333333,NA,NA,NA,NA,NA,NA,0.4275,0.225,5.3,0.24513753751913703,37.94314411018468,7.164861001074314,0.5797835966168101,-0.7923097548726165,-0.04850470006486256,0.17277782459266394,10.62499999999999,0.35843137254901963
1993,5,-145,50,3.80833333333333,4.25833333333333,2.55833333333333,NA,NA,NA,NA,NA,NA,0.62,0.334,8.98,0.24513753751913703,37.94314411018468,7.164861001074314,0.5696752183506706,-0.8598546515050693,-0.04850470006486256,0.17277782459266394,10.62499999999999,0.35843137254901963
1993,5,-138.7,49.3,4.8030303030303,2.56818181818182,1.20454545454545,NA,NA,NA,NA,NA,NA,0.5352941176470567,0.1470588235294116,NA,0.22782335572299503,39.665486106389686,8.294371381402016,0.862131379313036,NA,0.27188955967865,0.6006921335612826,8.57575757575757,0.5600706713780919
1993,5,-134.7,50,3.8249999999999997,3.35,1.2,NA,NA,NA,NA,NA,NA,0.4264705882352931,0.199999999999999,NA,0.2552456713858105,40.024884960319426,8.736808385699987,0.6298890851927208,NA,0.057586632452791116,0.5034501934420116,8.375,0.4567164179104477
1993,5,-130.7,49,2.19791666666667,6.2083333333333295,1.44791666666667,NA,NA,NA,NA,NA,NA,0.3673773281648853,0.38593173867826225,NA,0.29255184531211853,41.691575038282174,9.74843593686819,0.27963185096275195,NA,-0.4509638044425428,0.18126765504359724,9.85416666666667,0.2230443974630024
1993,5,-130.7,49,2.19791666666667,6.2083333333333295,1.44791666666667,NA,NA,NA,NA,NA,NA,0.376,0.452,4.58,0.29255184531211853,41.691575038282174,9.74843593686819,0.2210794057802601,-0.784647637412227,-0.4509638044425428,0.18126765504359724,9.85416666666667,0.2230443974630024
1993,5,-126.7,48.6,3.15625,6.4375,1.8958333333333302,NA,NA,NA,NA,NA,NA,0.4389534883720914,0.38372093023255727,NA,0.6398823289644151,44.60290418697309,11.095522943884134,0.3594330117513001,NA,-0.3095458465865108,0.22137124051723092,11.48958333333333,0.27470534904805083
1993,5,-126.7,48.6,3.15625,6.4375,1.8958333333333302,NA,NA,NA,NA,NA,NA,0.422,0.368,2.24,0.6398823289644151,44.60290418697309,11.095522943884134,0.3604946279521373,-0.42390557170850784,-0.3095458465865108,0.22137124051723092,11.48958333333333,0.27470534904805083
1994,2,-145,50,0.872222222222222,2.2666666666666697,1.38333333333333,NA,NA,NA,NA,NA,NA,0.226190476190476,0.5317460317460316,NA,0.26103100464457557,12.433205842971802,6.123874664306641,-0.07019994702833532,NA,-0.4147605106806469,-0.20029969468650163,4.522222222222222,0.19287469287469283
1994,2,-145,50,0.872222222222222,2.2666666666666697,1.38333333333333,NA,NA,NA,NA,NA,NA,0.22,0.26333333333333336,5.7,0.26103100464457557,12.433205842971802,6.123874664306641,0.2229468399154084,-1.112422179186304,-0.4147605106806469,-0.20029969468650163,4.522222222222222,0.19287469287469283
1994,2,-134.7,50,0.844444444444444,1.2666666666666702,0.561111111111111,NA,NA,NA,NA,NA,NA,0.22352941176470567,0.24313725490196,NA,0.2688826620578766,13.341711787950423,7.2628253698349,0.2645131618382197,NA,-0.17609125905568265,0.17752221416212985,2.672222222222225,0.31600831600831547
1994,2,-130.7,49,0.577777777777778,1.26111111111111,0.438888888888889,NA,NA,NA,NA,NA,NA,0.24156187954996663,0.266238063723173,NA,0.2692044036728995,14.065741567384627,8.007721304893494,0.2587882496646375,NA,-0.3389925178943418,0.11940624800833897,2.277777777777777,0.253658536585366
1994,2,-130.7,49,0.577777777777778,1.26111111111111,0.438888888888889,NA,NA,NA,NA,NA,NA,0.25,0.3333333333333333,6.8,0.2692044036728995,14.065741567384627,8.007721304893494,0.17609125905568124,-1.1335389083702174,-0.3389925178943418,0.11940624800833897,2.277777777777777,0.253658536585366
1994,2,-126.7,48.6,0.172222222222222,1.36111111111111,0.516666666666667,NA,NA,NA,NA,NA,NA,0.01,0.3100775193798447,NA,0.41462116156305584,15.052021265029907,8.666921138763428,-1.1904402853647318,NA,-0.89780439053026,-0.4771212547196633,2.049999999999999,0.08401084010840101
1994,2,-126.7,48.6,0.172222222222222,1.36111111111111,0.516666666666667,NA,NA,NA,NA,NA,NA,0.01,0.30333333333333334,4.033333333333333,0.41462116156305584,15.052021265029907,8.666921138763428,-1.18089014193745,-2.3046341199328064,-0.89780439053026,-0.4771212547196633,2.049999999999999,0.08401084010840101
1994,5,-145,50,1.47916666666667,4,1.5902777777777801,NA,NA,NA,NA,NA,NA,0.10416666666666624,0.26190476190476125,NA,0.24513753751913703,37.94314411018468,7.164861001074314,-0.09938463213591249,NA,-0.4320428799844733,-0.03145587890114993,7.06944444444445,0.20923379174852685
1994,5,-145,50,1.47916666666667,4,1.5902777777777801,NA,NA,NA,NA,NA,NA,0.045,0.2425,11.3,0.24513753751913703,37.94314411018468,7.164861001074314,-0.43046923349895755,-2.0988359340440947,-0.4320428799844733,-0.03145587890114993,7.06944444444445,0.20923379174852685
1994,5,-145,50,1.47916666666667,4,1.5902777777777801,NA,NA,NA,NA,NA,NA,0.1375,0.215,11.775,0.24513753751913703,37.94314411018468,7.164861001074314,0.10689423391465734,-1.631628221970671,-0.4320428799844733,-0.03145587890114993,7.06944444444445,0.20923379174852685
1994,5,-138.7,49.3,0.55952380952381,4.44047619047619,2.94642857142857,NA,NA,NA,NA,NA,NA,0.03137254901960779,0.23529411764705865,NA,0.22782335572299503,39.665486106389686,8.294371381402016,-0.5740312677277193,NA,-0.8996109738729697,-0.7214773453338695,7.946428571428569,0.07041198501872667
1994,5,-134.7,50,0.612745098039216,2.8382352941176503,1.31862745098039,NA,NA,NA,NA,NA,NA,0.06666666666666662,0.37647058823529334,NA,0.2552456713858105,40.024884960319426,8.736808385699987,-0.4507923159973127,NA,-0.66576855071938,-0.33284226699435066,4.769607843137257,0.12846865364850976
1994,5,-130.7,49,1.55555555555556,3.44444444444444,1.3472222222222199,NA,NA,NA,NA,NA,NA,0.2227711071192204,0.31762314455894775,NA,0.29255184531211853,41.691575038282174,9.74843593686819,0.1469767177880957,NA,-0.34523365815603285,0.062446288403938725,6.34722222222222,0.2450765864332612
1994,5,-130.7,49,1.55555555555556,3.44444444444444,1.3472222222222199,NA,NA,NA,NA,NA,NA,0.2625,0.3825,2.3,0.29255184531211853,41.691575038282174,9.74843593686819,0.13752786391632046,-0.6415685326116359,-0.34523365815603285,0.062446288403938725,6.34722222222222,0.2450765864332612
1994,5,-126.7,48.6,8.49074074074074,12.287037037037,1.2037037037037002,NA,NA,NA,NA,NA,NA,0.2186046511627901,0.33953488372092977,NA,0.6398823289644151,44.60290418697309,11.095522943884134,0.10980499347924218,NA,-0.16050158719441315,0.8484259833631855,21.981481481481442,0.38626790227464264
1994,5,-126.7,48.6,8.49074074074074,12.287037037037,1.2037037037037002,NA,NA,NA,NA,NA,NA,0.22,0.35800000000000004,0.01,0.6398823289644151,44.60290418697309,11.095522943884134,0.089569649842313,1.6434526764861874,-0.16050158719441315,0.8484259833631855,21.981481481481442,0.38626790227464264
1994,5,0.1,59.3,1,5,50,NA,NA,NA,NA,NA,NA,0.018,0.05,9.48,1.222429542314439,41.84365728837025,8.641834784299135,-0.14266750356873162,-2.4205058365707792,-0.6989700043360187,-1.6989700043360187,56,0.017857142857142856
1994,5,0.1,59.8,1,13,23,NA,NA,NA,NA,NA,NA,0.012,0.11,10.1,1.1762087756679172,41.45066377181041,8.630481898784637,-0.661181443446619,-2.6241101320710367,-1.1139433523068367,-1.3617278360175928,37,0.02702702702702703
1994,5,0.1,60.4,2,8,63,NA,NA,NA,NA,NA,NA,0.054,0.11,11.5,0.965646187464396,39.71073261695573,8.995971567928791,-0.00796892967127534,-2.027274084866662,-0.6020599913279624,-1.4983105537896004,73,0.0273972602739726
1994,5,0.4,59.3,1,21,36,NA,NA,NA,NA,NA,NA,0.01,0.06,9.62,1.3243187311149778,42.15093557140495,8.64000367373228,-0.4771212547196624,-2.682145076373832,-1.3222192947339193,-1.5563025007672873,58,0.017241379310344827
1994,5,0.4,60.7,3,14,17,NA,NA,NA,NA,NA,NA,0.064,0.14,10.9,1.1015992675508772,39.516460587706746,9.136112563312054,-0.03891806603036967,-1.9302165282927553,-0.6690067809585756,-0.7533276666586115,34,0.08823529411764706
1994,5,0.4,61.1,5,9,26,NA,NA,NA,NA,NA,NA,0.072,0.05,10.8,1.1498618423938751,38.68714450884469,9.262764377519488,0.45939248775923075,-1.8750612633917,-0.25527250510330607,-0.7160033436347991,40,0.125
1994,5,0.6,60.3,2,13,23,NA,NA,NA,NA,NA,NA,0.025,0.16,10.9,0.9931189573946452,40.41437221478812,8.844721835106611,-0.5051499783199059,-2.3384564936046046,-0.8129133566428556,-1.0606978403536116,38,0.05263157894736842
1994,5,0.7,58.9,2,8,24,NA,NA,NA,NA,NA,NA,0.015,0.05,8.73,1.094578628029142,42.10969512070282,8.74230171740055,-0.2218487496163564,-2.4638929889859074,-0.6020599913279624,-1.0791812460476249,34,0.058823529411764705
1994,5,0.7,59.4,1,8,25,NA,NA,NA,NA,NA,NA,0.01,0.05,9.03,1.2211185466675532,42.136321538611305,8.632435083389282,-0.39794000867203766,-2.6546577546495245,-0.9030899869919435,-1.3979400086720375,34,0.029411764705882353
1994,5,0.8,58.4,8,4,21,NA,NA,NA,NA,NA,NA,0.049,0.02,8.6,1.0984038639636269,42.77037263218361,8.872188493609428,0.6901960800285137,-1.9432723755510728,0.3010299956639812,-0.4191293077419757,33,0.24242424242424243
1994,5,0.8,61,1,12,27,NA,NA,NA,NA,NA,NA,0.013,0.12,11.3,1.1679043400855291,39.18751185453391,9.17944884672761,-0.6642078980768068,-2.6381050955126017,-1.0791812460476249,-1.4313637641589874,40,0.025
1994,5,1,58.5,9,4,11,NA,NA,NA,NA,NA,NA,0.11,0.02,9.15,1.0584463945456914,42.24396089964275,8.861934274435043,1.0413926851582251,-1.618998413244242,0.3521825181113625,-0.08715017571890014,24,0.375
1994,5,1,60.9,5,9,26,NA,NA,NA,NA,NA,NA,0.072,0.05,10.8,1.1187326837153662,39.88453020023394,8.9832758679986,0.45939248775923075,-1.8750612633917,-0.25527250510330607,-0.7160033436347991,40,0.125
1994,5,1.4,57.5,5,8,20,NA,NA,NA,NA,NA,NA,0.035,0.04,8.36,1.0303310297784352,43.42653095873096,9.104373313486576,0.2430380486862945,-2.0771082374247594,-0.2041199826559248,-0.6020599913279624,33,0.15151515151515152
1994,5,1.4,58,5,2,20,NA,NA,NA,NA,NA,NA,0.078,0.02,9.12,0.8871524660360246,42.66079009333743,8.994506679475307,0.8920946026904804,-1.7668702399739546,0.3979400086720376,-0.6020599913279624,27,0.18518518518518517
1994,5,1.4,58.5,9,5,22,NA,NA,NA,NA,NA,NA,0.082,0.02,9.05,0.9799944928714208,41.99827768832822,8.88702048920095,0.9138138523837167,-1.7418047311575056,0.25527250510330607,-0.38818017138288136,36,0.25
1994,5,1.9,57.6,2,2,11,NA,NA,NA,NA,NA,NA,0.016,0.02,8.66,0.9663902194727034,43.66358781162697,9.06555376946926,0.2041199826559248,-2.4323679136974405,0,-0.7403626894942439,15,0.13333333333333333
1994,5,2,57,5,3,24,NA,NA,NA,NA,NA,NA,0.02,0.02,6.45,1.005240267231351,44.04213806345493,9.18549151159823,0.3010299956639812,-2.2074997233073055,0.2218487496163564,-0.6812412373755872,32,0.15625
1994,5,2.4,56.7,1,2,26,NA,NA,NA,NA,NA,NA,0.044,0.02,7.79,0.8267008392583757,44.2651636630674,9.096072278916836,0.6434526764861874,-1.9470547855223959,-0.3010299956639812,-1.414973347970818,29,0.034482758620689655
1994,5,2.6,56.1,1,18,45,NA,NA,NA,NA,NA,NA,0.01,0.09,6.83,0.7289627634343647,43.93954972375797,9.348094129934909,-0.6532125137753436,-2.5333907080175515,-1.255272505103306,-1.6532125137753437,64,0.015625
1994,5,2.7,55.4,6,37,285,NA,NA,NA,NA,NA,NA,0.026,0.06,3.75,0.7584635615348816,44.93925857543945,9.572161026299,-0.06214790674884446,-1.8580279240929196,-0.7900504736833514,-1.6766936096248666,328,0.018292682926829267
1994,5,2.9,55.5,15,25,136,NA,NA,NA,NA,NA,NA,0.056,NA,3.7,0.714052038533347,44.380828108968615,9.499893195927145,NA,-1.5189837013968135,-0.2218487496163564,-0.9574476493145363,176,0.08522727272727272
1994,5,3.2,55.3,15,25,136,NA,NA,NA,NA,NA,NA,0.06,0.04,0.12,0.8314776562509083,45.03242927261546,9.750714652240276,0.47712125471966244,0,-0.2218487496163564,-0.9574476493145363,176,0.08522727272727272
1994,5,3.3,55.5,7,4,116,NA,NA,NA,NA,NA,NA,0.036,0.01,4.43,0.7407339158512297,44.60778376422351,9.513687562197449,0.8573324964312684,-1.789071229791801,0.24303804868629444,-1.2193599492126617,127,0.05511811023622047
1995,3,57.3,18.4,9.94781474233529e-4,0.0295499021526419,0.004036203522504897,NA,NA,NA,NA,NA,NA,NA,NA,NA,NA,NA,NA,NA,NA,-1.4728283583300275,-0.6082453682588209,0.034580887149380325,0.028766800282952115
1995,3,58,18.1,0.0033268101761252437,0.012133072407045,0.004566210045662102,NA,NA,NA,NA,NA,NA,NA,NA,NA,NA,NA,NA,NA,NA,-0.5619427681199797,-0.13752786391632074,0.020026092628832346,0.16612377850162868
1995,3,59,17.7,3.35476656415991e-4,0.00283757338551859,0.003953033268101761,NA,NA,NA,NA,NA,NA,NA,NA,NA,NA,NA,NA,NA,NA,-0.9272847962016069,-1.071268163413256,0.007126083310036342,0.04707728520988623
1995,3,59.8,17.2,NA,0.0157534246575342,0.0036203522504892403,NA,NA,NA,NA,NA,NA,NA,NA,NA,NA,NA,NA,NA,NA,NA,NA,NA,NA
1995,3,59.8,17.3,0.009745596868884545,0.004990215264187865,0.006237769080234835,NA,NA,NA,NA,NA,NA,NA,NA,NA,NA,NA,NA,NA,NA,0.2906891623257627,0.19377914931770604,0.020973581213307245,0.4646606018194543
1995,3,59.9,22.4,NA,NA,NA,NA,NA,NA,NA,NA,NA,NA,NA,NA,NA,NA,NA,NA,NA,NA,NA,NA,NA
1995,3,60.5,16.8,0.0038812785388127853,0.0107142857142857,0.004090019569471624,NA,NA,NA,NA,NA,NA,NA,NA,NA,NA,NA,NA,NA,NA,-0.44098841250326826,-0.02275057510216683,0.018685583822570108,0.20771513353115745
1995,3,61.2,22.5,NA,0.00567514677103718,0.004403131115459878,NA,NA,NA,NA,NA,NA,NA,NA,NA,NA,NA,NA,NA,NA,NA,NA,NA,NA
1995,3,62,16,0.0011497064579256353,0.0100782778864971,0.007167318982387472,NA,NA,NA,NA,NA,NA,0.01999999999999999,0.069,NA,1.2616347798279353,55.81694531727986,26.446332931518555,-0.23678909940929316,NA,-0.9427993580974189,-0.794769762418392,0.018395303326810206,0.06249999999999986
1995,3,62,16.1,NA,0.00821917808219178,0.0058708414872798405,NA,NA,NA,NA,NA,NA,NA,NA,NA,NA,NA,NA,NA,NA,NA,NA,NA,NA
1995,3,62.4,21.8,NA,0.0213307240704501,0.00557729941291585,NA,NA,NA,NA,NA,NA,NA,NA,NA,NA,NA,NA,NA,NA,NA,NA,NA,NA
1995,3,63.5,15.2,0.00655577299412916,0.0031311154598825833,0.0051467710371819915,NA,NA,NA,NA,NA,NA,0.175,0.051,NA,0.76106458973316915,55.82871025728892,26.79961554209391,0.8364978682523393,NA,0.32092482438092057,0.10508905854708786,0.014833659491193734,0.44195250659630625
1995,3,63.5,21.2,NA,0.00454990215264188,0.012342745317304999,NA,NA,NA,NA,NA,NA,NA,NA,NA,NA,NA,NA,NA,NA,NA,NA,NA,NA
1995,3,64.2,14.8,NA,NA,NA,NA,NA,NA,NA,NA,NA,0.11,NA,NA,0.539666453287715,55.92399951061571,27.131412823994953,NA,NA,NA,NA,NA,NA
1995,3,64.7,20.6,NA,NA,0.0189823874755382,NA,NA,NA,NA,NA,NA,NA,NA,NA,NA,NA,NA,NA,NA,NA,NA,NA,NA
1995,3,64.9,10,0.00437866927592955,0.00479452054794521,2.4461839530332675e-5,NA,NA,NA,NA,NA,NA,0.32666666666666666,0.033,NA,0.11811450443097524,55.572041752826735,28.47367763519287,1.296620876758926,NA,-0.03940304037658327,2.2528530309798933,0.009197651663405092,0.4760638297872338
1995,3,64.9,14.5,0.0063600782778865,NA,9.050880626223085e-4,NA,NA,NA,NA,NA,NA,0.3466666666666667,0.044,NA,0.3287859253940128,55.87287944196218,27.324472427368164,1.1974894037569117,NA,NA,0.8467716239038235,NA,NA
1995,3,65,12.1,NA,NA,8.806262230919767e-4,NA,NA,NA,NA,NA,NA,NA,NA,NA,NA,NA,NA,NA,NA,NA,NA,NA,NA
1995,3,65,13.3,NA,NA,2.93542074363992e-4,NA,NA,NA,NA,NA,NA,NA,NA,NA,NA,NA,NA,NA,NA,NA,NA,NA,NA
1995,3,65.9,19.9,NA,0.0019080234833659501,0.006779424098406495,NA,NA,NA,NA,NA,NA,NA,NA,NA,NA,NA,NA,NA,NA,NA,NA,NA,NA
1995,3,67.1,19.2,NA,NA,NA,NA,NA,NA,NA,NA,NA,0.065,0.16399999999999998,NA,0.6719057723170235,54.51871623763119,26.65300464630127,-0.10090049574086103,NA,NA,NA,NA,NA
1995,3,67.2,19.2,NA,0.00802348336594912,0.01706457925636008,NA,NA,NA,NA,NA,NA,0.44,0.0655,NA,0.7230503424292519,54.42766212555299,26.66216087341309,1.1282413721583855,NA,NA,NA,NA,NA
1995,3,67.6,18.3,NA,0.014090019569471625,0.0022504892367906076,NA,NA,NA,NA,NA,NA,0.405,0.08499999999999999,NA,0.4489216882558096,54.85468627745847,26.958799362182617,0.9790660931643571,NA,NA,NA,NA,NA
1995,3,67.9,17.3,NA,0.0134050880626223,0.012671232876712313,NA,NA,NA,NA,NA,NA,NA,NA,NA,NA,NA,NA,NA,NA,NA,NA,NA,NA
1995,3,68.7,15.4,0.00293542074363992,0.00195694716242661,0.0018917155903457271,NA,NA,NA,NA,NA,NA,0.4066666666666667,0.10766666666666666,NA,0.18985588919548765,55.3626319241811,27.85677719116211,0.8781873040076266,NA,0.17609125905568196,0.19081451587638734,0.0067840834964122566,0.4326923076923079
1995,9,-10.7,49.5,0.7,1.7,NA,NA,NA,NA,NA,NA,NA,NA,NA,NA,NA,NA,NA,NA,NA,-0.38535088136401713,NA,NA,NA
1995,9,-8,47.8,0.75,11.35,NA,NA,NA,NA,NA,NA,NA,0.2171745393125,0.3014693241875,0.3433333333333333,0.3689367865974253,28.964305010708895,17.356985181570053,0.15859577721537824,0.10212293460528761,-1.1799345981374414,NA,NA,NA
1995,9,-7.9,47.8,1,9.1,NA,NA,NA,NA,NA,NA,NA,0.2501751742,0.1488955002,0.5475,0.3689367865974253,28.964305010708895,17.356985181570053,0.5263926334733225,-0.039109916986718216,-0.9590413923210936,NA,NA,NA
1995,9,-7.3,47.4,7.75,8.5,NA,NA,NA,NA,NA,NA,NA,0.17672852020000002,0.0615441918,1.2999999999999998,0.3338778486306017,29.307270786978982,17.769920960068703,0.759149563766036,-0.565606715647704,-0.04011722320798245,NA,NA,NA
1995,9,-7.2,47.5,2.25,13.55,NA,NA,NA,NA,NA,NA,NA,0.19344063683333337,0.02976009783333333,1,0.4019276052713394,29.371060837398876,17.530411697924137,1.1139433543648496,-0.41242229105946215,-0.7797567770990621,NA,NA,NA
1996,10,-177.9,-76.5,0.128125,0.5879166666666665,3.834791666666665,NA,NA,NA,NA,NA,NA,0.05749999999999999,0.01,NA,NA,NA,-1.7234717644751072,1.0606978403536116,NA,-0.6616818936429122,-1.4761078965410435,4.5508333333333315,0.028154184215345185
1996,10,169.1,-76.6,0.013569444444444448,0.008638888888888889,0.21415624999999996,NA,NA,NA,NA,NA,NA,0.05666666666666666,0.03,NA,NA,NA,-1.8033692222088575,0.5772364076029302,NA,0.1961041790279545,-1.1981686862099838,0.2363645833333333,0.057408958030349795
1996,11,-178.2,-76.6,NA,4.54166666666667e-5,2.6791666666666695e-4,NA,NA,NA,NA,NA,NA,NA,NA,NA,NA,NA,NA,NA,NA,NA,NA,NA,NA
1996,11,-178,-76.5,1.5845238095238103e-4,4.060714285714286e-4,0.0017230952380952382,NA,NA,NA,NA,NA,NA,NA,NA,NA,NA,NA,NA,NA,NA,-0.4087036639327219,-1.0364105128153593,0.002287619047619048,0.0692651956702748
1996,11,-178,-76.4,2.2187500000000007e-5,2.2927083333333306e-4,3.0333333333333324e-4,NA,NA,NA,NA,NA,NA,NA,NA,NA,NA,NA,NA,NA,NA,-1.0142404391146096,-1.1358117672022616,5.547916666666663e-4,0.039992489673300824
1996,11,-177.9,-76.5,0.1276583333333334,0.6240083333333334,6.016958333333334,NA,NA,NA,NA,NA,NA,0.06,0.01,NA,2.950157584249973,40.99369324578179,-1.8266243264079096,1.0791812460476249,NA,-0.6891412193966471,-1.673327833948406,6.768625000000001,0.01886030520723683
1996,11,169,-76.5,1.5705208333333327,4.919756944444442,10.560034722222225,NA,NA,NA,NA,NA,NA,NA,NA,NA,NA,NA,NA,NA,NA,-0.4958999456304569,-0.8276216444018614,17.0503125,0.09211097059560244
1996,11,169.1,-76.5,1.5947916666666657e-4,0.0013944791666666676,6.148958333333335e-4,NA,NA,NA,NA,NA,NA,NA,NA,NA,NA,NA,NA,NA,NA,-0.9417080726900295,-0.586097592522934,0.0021688541666666675,0.0735315306661543
1996,11,169.2,-76.5,5.356249999999999e-4,0.0022420138888888884,0.012426597222222243,NA,NA,NA,NA,NA,NA,NA,NA,NA,NA,NA,NA,NA,NA,-0.6217774593793353,-1.365491382702791,0.015204236111111132,0.035228668910802396
1996,11,172.6,-76.5,NA,NA,0.00238333333333333,NA,NA,NA,NA,NA,NA,NA,NA,NA,NA,NA,NA,NA,NA,NA,NA,NA,NA
1996,11,175.8,-74,8.88888888888891e-6,1.2819444444444442e-4,1.2055555555555567e-4,NA,NA,NA,NA,NA,NA,NA,NA,NA,NA,NA,NA,NA,NA,-1.1590217270420238,-1.132339751192604,2.57638888888889e-4,0.034501347708894944
1996,11,175.9,-74,2.29166666666667e-5,1.2291666666666698e-4,1.49583333333333e-4,NA,NA,NA,NA,NA,NA,NA,NA,NA,NA,NA,NA,NA,NA,-0.7294593264839196,-0.8147317590840737,2.954166666666667e-4,0.07757404795486611
1996,11,176,-76.5,2.0035664236111117,3.1496536111111118,5.3273693750000035,NA,NA,NA,NA,NA,NA,NA,NA,NA,NA,NA,NA,NA,NA,-0.19645904905308934,-0.4247090647505073,10.480589409722228,0.19116925062940837
1996,11,176.1,-76.5,6.33333333333333e-5,5.18333333333333e-4,7.9875e-4,NA,NA,NA,NA,NA,NA,NA,NA,NA,NA,NA,NA,NA,NA,-0.9129767924100273,-1.1007785249332902,0.0013804166666666663,0.04587986718985813
1996,11,177,-76.5,2.483055555555557,2.62361111111111,13.454722222222209,NA,NA,NA,NA,NA,NA,NA,NA,NA,NA,NA,NA,NA,NA,-0.023913024980179852,-0.7338882995097611,18.561388888888878,0.13377531015698674
1997,1,169,-76.5,1.5705833333333334,4.91975,10.560166666666667,NA,NA,NA,NA,NA,NA,0.118,0.24,NA,1.2395944403750556,41.05525224049886,0.7263100246588389,-0.0072992387414994656,NA,-0.49588204988936063,-0.8276097880306602,17.0505,0.092113623256405
1997,1,169,-76.5,1.5705833333333334,4.91975,10.560166666666667,NA,NA,NA,NA,NA,NA,0.156,0.13,NA,1.2395944403750556,41.05525224049886,0.7263100246588389,0.38021124171160603,NA,-0.49588204988936063,-0.8276097880306602,17.0505,0.092113623256405
1997,1,176,-76.5,4.0065,6.285833333333334,10.632833333333334,NA,NA,NA,NA,NA,NA,0.10666666666666667,0.09666666666666666,NA,1.3718939992514525,37.06344751878218,0.5523545344670614,0.34378197608493105,NA,-0.19559771459126518,-0.42388385940970097,20.92516666666667,0.19146800901625632
1997,1,176,-76.5,4.0065,6.285833333333334,10.632833333333334,NA,NA,NA,NA,NA,NA,0.1025,0.04,NA,1.3718939992514525,37.06344751878218,0.5523545344670614,0.7096938697277919,NA,-0.19559771459126518,-0.42388385940970097,20.92516666666667,0.19146800901625632
1997,1,177,-76.5,2.483,2.623666666666667,13.455,NA,NA,NA,NA,NA,NA,0.12,0.11666666666666668,NA,1.8430212891914628,36.77973444708462,0.475447878241539,0.3132644520809928,NA,-0.023931938122000312,-0.733906982545209,18.561666666666667,0.133770315165664
1997,4,-178,-76.4,0.02225,0.17125,0.35233333333333333,NA,NA,NA,NA,NA,NA,0.05666666666666667,0.8,NA,NA,NA,-1.77779471129179,-0.8487323246693509,NA,-0.8863005648475129,-1.1996237172708135,0.5458333333333334,0.04076335877862595
1997,4,169.1,-76.5,0.1595,1.19075,0.777,NA,NA,NA,NA,NA,NA,0.3433333333333333,2.263333333333333,NA,NA,NA,-1.7264015413820744,-0.5180025539113482,NA,-0.8730599027904281,-0.6876603314077143,2.12725,0.07497943354095664
1997,4,175.8,-74,0.008666666666666666,0.128,NA,NA,NA,NA,NA,NA,NA,0.06666666666666667,0.97,NA,NA,NA,-1.7902462631464005,-0.8618329976579449,NA,-1.169357876396713,NA,NA,NA
1997,4,175.9,-74,0.023,0.12300000000000001,NA,NA,NA,NA,NA,NA,NA,NA,NA,NA,NA,NA,NA,NA,NA,-0.7281772754218051,NA,NA,NA
1997,11,-178,-76.5,0.16966666666666666,0.24500000000000002,1.7743333333333333,NA,NA,NA,NA,NA,NA,0.03,0.01,NA,2.950157584249973,40.99369324578179,-1.8266243264079096,0.7781512503836436,NA,-0.15956955674743623,-1.0194386838359961,2.189,0.0775087559007157
1997,11,-178,-76.5,0.16966666666666666,0.24500000000000002,1.7743333333333333,NA,NA,NA,NA,NA,NA,0.01,0.01,NA,2.950157584249973,40.99369324578179,-1.8266243264079096,0.3010299956639812,NA,-0.15956955674743623,-1.0194386838359961,2.189,0.0775087559007157
1997,11,176,-76.5,0.744,7.511666666666667,22.1695,NA,NA,NA,NA,NA,NA,0.045,0.01,NA,3.4535330277350216,43.063383505894585,-1.6707357801496985,0.9542425094393249,NA,-1.0041633721414551,-1.4741829628149041,30.425166666666666,0.024453440408433808
1997,11,176,-76.5,0.744,7.511666666666667,22.1695,NA,NA,NA,NA,NA,NA,0.02333333333333333,0.03666666666666667,NA,3.4535330277350216,43.063383505894585,-1.6707357801496985,0.1047353505200129,NA,-1.0041633721414551,-1.4741829628149041,30.425166666666666,0.024453440408433808
1997,11,176,-76.5,0.744,7.511666666666667,22.1695,NA,NA,NA,NA,NA,NA,0.025,0.01333333333333333,NA,3.4535330277350216,43.063383505894585,-1.6707357801496985,0.574031267727719,NA,-1.0041633721414551,-1.4741829628149041,30.425166666666666,0.024453440408433808
1997,12,-178,-76.5,0.15,0.482,1.7213333333333332,NA,NA,NA,NA,NA,NA,0.02333333333333333,0.14333333333333334,NA,2.0824085980653764,42.52460401936581,-0.9153416343033314,-0.4873404199013485,NA,-0.5069557791831684,-1.0597737198190391,2.353333333333333,0.06373937677053824
1997,12,-178,-76.5,0.15,0.482,1.7213333333333332,NA,NA,NA,NA,NA,NA,0.05,0.14500000000000002,NA,2.0824085980653764,42.52460401936581,-0.9153416343033314,-0.16136800223497494,NA,-0.5069557791831684,-1.0597737198190391,2.353333333333333,0.06373937677053824
1997,12,-174.7,-53,NA,0.03610567514677105,0.224412915851272,NA,NA,NA,NA,NA,NA,NA,NA,NA,NA,NA,NA,NA,NA,NA,NA,NA,NA
1997,12,-174.7,-52.9,NA,0.4790606653620346,NA,NA,NA,NA,NA,NA,NA,1.19,NA,NA,0.24992151152003897,44.98909005251798,8.929074995219707,NA,NA,NA,NA,NA,NA
1997,12,-174.6,-53,NA,0.20313111545988244,0.035583822570123935,NA,NA,NA,NA,NA,NA,1.345,NA,NA,0.2454433786598119,45.209726376967,8.906613372266293,NA,NA,NA,NA,NA,NA
1997,12,-173.3,-54.3,0.29474885844748866,0.6454990215264188,0.10728263908303057,NA,NA,NA,NA,NA,NA,0.908,NA,NA,0.25477992404590954,44.915527213703506,7.974293254315853,NA,NA,-0.340443456519438,0.4389226834260472,1.047530519056938,0.28137496052415034
1997,12,-173.3,-54.3,0.29474885844748866,0.6454990215264188,0.10728263908303057,NA,NA,NA,NA,NA,NA,0.96,NA,NA,0.25477992404590954,44.915527213703506,7.974293254315853,NA,NA,-0.340443456519438,0.4389226834260472,1.047530519056938,0.28137496052415034
1997,12,-171.8,-55.7,0.138502935420744,0.855088062622311,0.0262557077625571,NA,NA,NA,NA,NA,NA,0.73,NA,NA,0.24813029847361823,43.80764120275324,6.495406977832317,NA,NA,-0.7905518656462077,0.7222352480529165,1.019846705805612,0.13580760189967545
1997,12,-171.7,-55.7,0.15145547945205476,0.8458414872798441,0.0349641226353555,NA,NA,NA,NA,NA,NA,0.77,NA,NA,0.24813029847361823,43.80764120275324,6.495406977832317,NA,NA,-0.7470039927050014,0.6366623552949476,1.0322610893672544,0.14672206577590996
1997,12,-170.2,-56.8,0.02984344422700587,0.00880626223091976,0.018126223091976524,NA,NA,NA,NA,NA,NA,1.19,NA,NA,0.2543895837258209,41.717299764806576,5.6455275267362595,NA,NA,0.5300573299074612,0.21654162269541988,0.056775929549902154,0.5256355019388195
1997,12,-170.1,-60.2,NA,0.557436399217221,0.10476656415991059,NA,NA,NA,NA,NA,NA,2.1416666666666666,NA,NA,0.4071478234096007,38.12394200671803,2.9337748512625694,NA,NA,NA,NA,NA,NA
1997,12,-169.9,-63.1,NA,0.901761252446184,0.3146771037182,NA,NA,NA,NA,NA,NA,0.855,NA,NA,0.35863816196268256,36.35539519649812,0.08102666214108467,NA,NA,NA,NA,NA,NA
1997,12,-169.8,-63.1,NA,0.7780332681017613,0.15505928398756755,NA,NA,NA,NA,NA,NA,0.1433333333333333,NA,NA,0.35199121318080206,36.593831730985094,0.0545365959405899,NA,NA,NA,NA,NA,NA
1997,12,-169.8,-63.1,NA,0.7780332681017613,0.15505928398756755,NA,NA,NA,NA,NA,NA,0.245,NA,NA,0.35199121318080206,36.593831730985094,0.0545365959405899,NA,NA,NA,NA,NA,NA
1997,12,-169.8,-62.4,0.024435153887208676,0.5638943248532289,NA,NA,NA,NA,NA,NA,NA,0.1275,NA,NA,0.3789043629711325,37.4140213619579,0.2444837987422943,NA,NA,-1.3631826453190192,NA,NA,NA
1997,12,-169.8,-62.4,0.024435153887208676,0.5638943248532289,NA,NA,NA,NA,NA,NA,NA,0.02333333333333333,NA,NA,0.3789043629711325,37.4140213619579,0.2444837987422943,NA,NA,-1.3631826453190192,NA,NA,NA
1997,12,-169.3,-64.7,NA,0.4957925636007825,0.2037793542074364,NA,NA,NA,NA,NA,NA,0.5616666666666666,NA,NA,0.32377914982763206,34.27512079874675,-0.8778649047017097,NA,NA,NA,NA,NA,NA
1997,12,-169.3,-60.9,NA,1.6811154598825846,0.09944087223930662,NA,NA,NA,NA,NA,NA,1.748,NA,NA,0.30305497449907387,38.264725945212625,1.7397686876356602,NA,NA,NA,NA,NA,NA
1997,12,-169.2,-64.2,0.10841487279843451,0.527495107632094,0.34990215264187857,NA,NA,NA,NA,NA,NA,0.21833333333333332,NA,NA,0.3084920285777612,34.85028414499192,-0.7247840613126755,NA,NA,-0.6871295714362251,-0.5088577497314687,0.985812133072407,0.10997518610421843
1997,12,-169.2,-64.2,0.10841487279843451,0.527495107632094,0.34990215264187857,NA,NA,NA,NA,NA,NA,0.7183333333333333,NA,NA,0.3084920285777612,34.85028414499192,-0.7247840613126755,NA,NA,-0.6871295714362251,-0.5088577497314687,0.985812133072407,0.10997518610421843
1997,12,-168.8,-61.7,NA,1.8607632093933448,0.2333537181996087,NA,NA,NA,NA,NA,NA,1.31375,NA,NA,0.3754379844123667,37.07225422425704,0.49473557621240616,NA,NA,NA,NA,NA,NA
1997,12,169.2,-76.5,0.5356666666666667,1.9906666666666668,12.292750000000002,NA,NA,NA,NA,NA,NA,0.04,0.0175,NA,1.6258278293044943,51.64900727499099,-0.7433393150568008,0.6600519383056491,NA,-0.5701039222896432,-1.3607544273379946,14.819083333333335,0.03614708512109948
1997,12,176.1,-76.5,0.063,0.518,NA,NA,NA,NA,NA,NA,NA,0.03,0.1,NA,4.551282141018998,46.66574036093319,-0.3724783882498741,-0.2218487496163564,NA,-0.9149892102916514,NA,NA,NA
1998,2,-174.7,-53,NA,0.638747553816047,0.042938682322243966,NA,NA,NA,NA,NA,NA,0.485,NA,NA,0.2247141989923659,31.348605201357888,10.4003111521403,NA,NA,NA,NA,NA,NA
1998,2,-170.2,-56.8,0.067058056099152,0.211350293542074,0.02426614481409002,NA,NA,NA,NA,NA,NA,NA,NA,NA,NA,NA,NA,NA,NA,-0.4985518955473544,0.4414501747773594,0.30267449445531597,0.22155172413793137
1998,2,-170.1,-60.2,0.030952380952380967,0.12152641878669289,0.010640900195694717,NA,NA,NA,NA,NA,NA,0.368,NA,NA,0.11443070996375312,24.786486103421165,4.147190888722737,NA,NA,-0.5939766381329314,0.4637156920809555,0.16311969993476857,0.18975256185953504
1998,2,-170,-58.5,0.04518101761252445,0.09774951076320956,NA,NA,NA,NA,NA,NA,NA,1.165,NA,NA,0.11129412658157804,26.440646898178827,5.599444508552551,NA,NA,-0.33515858411370414,NA,NA,NA
1998,2,-169.9,-63.1,NA,0.09334637964774936,NA,NA,NA,NA,NA,NA,NA,1.48,NA,NA,0.2398281225136348,22.274920531681605,1.8454847931861875,NA,NA,NA,NA,NA,NA
1998,2,-169.3,-64.7,NA,NA,0.0158512720156556,NA,NA,NA,NA,NA,NA,0.4449999999999999,NA,NA,0.3285311563383965,20.78475386755807,1.0255135297775269,NA,NA,NA,NA,NA,NA
1998,2,-168.7,-66.1,NA,0.4919765166340507,NA,NA,NA,NA,NA,NA,NA,1.14,NA,NA,0.20806811643498285,19.81942039444333,0.16318248957395554,NA,NA,NA,NA,NA,NA
1998,3,-173.3,-54.3,NA,0.20958904109589,0.01330724070450098,NA,NA,NA,NA,NA,NA,0.8266666666666667,NA,NA,0.1609149504275549,19.239690539348555,8.849726888868544,NA,NA,NA,NA,NA,NA
1998,3,-170.1,-61.7,0.026973255055446867,0.11272015655577292,0.010371819960861067,NA,NA,NA,NA,NA,NA,0.456,NA,NA,0.12796870654537565,11.96166006341038,2.3468429247538247,NA,NA,-0.6210682242543082,0.41507838956811405,0.15006523157208085,0.17974353401434495
1998,3,-170,-67.5,NA,NA,0.01375733855185908,NA,NA,NA,NA,NA,NA,0.665,NA,NA,0.1881523249404771,8.147670062971704,-0.5752433637777964,NA,NA,NA,NA,NA,NA
1998,3,-169.9,-63.1,NA,0.01673189823874753,NA,NA,NA,NA,NA,NA,NA,0.25,NA,NA,0.15870820376135053,10.701449302305658,1.7077853083610537,NA,NA,NA,NA,NA,NA
1998,3,-169.7,-66.1,NA,NA,0.017791911285061975,NA,NA,NA,NA,NA,NA,0.5075000000000001,NA,NA,0.20098269056706203,8.525226285658688,-0.17447430143753687,NA,NA,NA,NA,NA,NA
1998,3,-169.3,-64.7,NA,0.2624266144814091,0.005792563600782778,NA,NA,NA,NA,NA,NA,0.8266666666666667,NA,NA,0.217332328359286,9.646672059254474,0.7667165199915568,NA,NA,NA,NA,NA,NA
1998,3,-168.4,-69.3,0.019618395303326805,0.12504892367906056,0.013266470971950425,NA,NA,NA,NA,NA,NA,0.465,NA,NA,0.22107809640112375,7.675145110776348,-1.0978423357009888,NA,NA,-0.80441647686618,0.169908070066967,0.15793378995433782,0.12421911301564358
1998,3,-168.4,-69.3,0.019618395303326805,0.12504892367906056,0.013266470971950425,NA,NA,NA,NA,NA,NA,0.2575,NA,NA,0.22107809640112375,7.675145110776348,-1.0978423357009888,NA,NA,-0.80441647686618,0.169908070066967,0.15793378995433782,0.12421911301564358
1998,3,-166,-71.3,NA,NA,0.029207436399217218,NA,NA,NA,NA,NA,NA,0.462,NA,NA,0.34108531439588186,7.293078672054202,-1.4285408854484558,NA,NA,NA,NA,NA,NA
1998,3,-165.9,-70.4,NA,0.08219178082191793,0.017400521852576633,NA,NA,NA,NA,NA,NA,0.362,NA,NA,0.3212087372584002,7.239526560432033,-1.2716757655143738,NA,NA,NA,NA,NA,NA
1998,8,-10,41.9,14.8958333333333,1.0416666666666665,0.8333333333333349,NA,NA,NA,NA,NA,NA,0.134,NA,0.07,0.2544508237730373,48.0113714391535,19.554887540638447,NA,0.5830367540145319,1.155336037465061,1.2522460504731163,16.7708333333333,0.8881987577639749
1998,8,-10,41.9,14.8958333333333,1.0416666666666665,0.8333333333333349,NA,NA,NA,NA,NA,NA,0.046,NA,0.07,0.2544508237730373,48.0113714391535,19.554887540638447,NA,0.11868978733129837,1.155336037465061,1.2522460504731163,16.7708333333333,0.8881987577639749
1998,8,-9.9,41.9,12.5,2.29166666666667,1.66666666666667,NA,NA,NA,NA,NA,NA,0.058,NA,0.07,0.2544508237730373,48.0113714391535,19.554887540638447,NA,0.2193599492126616,0.7367585652254179,0.8750612633916992,16.45833333333334,0.7594936708860757
1998,8,-9.8,41.9,7.9166666666666705,1.0416666666666698,0.8333333333333329,NA,NA,NA,NA,NA,NA,0.028,NA,0.07,0.27889291738921945,47.95741402019154,19.389599293470383,NA,-0.09691001300805645,0.8808135922807903,0.9777236052888482,9.791666666666673,0.8085106382978722
1999,4,44,-31.3,14.791666666666686,14.791666666666686,0.416666666666667,NA,NA,NA,NA,NA,NA,1.59,0.03,0.06,0.09409431190717787,31.67630431901163,23.32697530835867,2.0253058652647704,1.7242758696007892,0,1.5502283530550942,30.00000000000004,0.4930555555555555
1999,5,37.8,-46.6,18.33333333333333,18.33333333333333,5.555555555555554,NA,NA,NA,NA,NA,NA,NA,NA,NA,NA,NA,NA,NA,NA,0,0.5185139398778875,42.222222222222214,0.43421052631578944
1999,5,38.7,-45.3,2.708333333333334,2.708333333333334,0.9166666666666665,NA,NA,NA,NA,NA,NA,0.59,0.23,7.66,0.1832742737162681,10.366965698290477,7.151351474225521,0.7101541712885325,-0.8123467623264786,0,0.47049067582064946,6.333333333333334,0.4276315789473685
1999,5,38.7,-45.3,2.708333333333334,2.708333333333334,0.9166666666666665,NA,NA,NA,NA,NA,NA,0.71,0.23,7.66,0.1832742737162681,10.366965698290477,7.151351474225521,0.7905605083654635,-0.7319404252495475,0,0.47049067582064946,6.333333333333334,0.4276315789473685
1999,5,38.7,-45.3,2.708333333333334,2.708333333333334,0.9166666666666665,NA,NA,NA,NA,NA,NA,0.59,0.52,7.66,0.1832742737162681,10.366965698290477,7.151351474225521,0.3558786636713262,-0.8123467623264786,0,0.47049067582064946,6.333333333333334,0.4276315789473685
1999,5,38.7,-45.3,2.708333333333334,2.708333333333334,0.9166666666666665,NA,NA,NA,NA,NA,NA,0.71,0.12,7.66,0.1832742737162681,10.366965698290477,7.151351474225521,1.0731070983354316,-0.7319404252495475,0,0.47049067582064946,6.333333333333334,0.4276315789473685
1999,5,40.9,-42.9,7.5416666666666705,7.5416666666666705,1.166666666666666,NA,NA,NA,NA,NA,NA,0.76,0.28,2.13,0.22727886693818228,12.38342786137062,10.10379346087575,0.7346855566025533,-0.1465360154939651,0,0.8105205435269657,16.250000000000007,0.4641025641025641
1999,5,40.9,-42.9,7.5416666666666705,7.5416666666666705,1.166666666666666,NA,NA,NA,NA,NA,NA,0.76,0.17,2.1,0.22727886693818228,12.38342786137062,10.10379346087575,0.9513946665664986,-0.14037570678914674,0,0.8105205435269657,16.250000000000007,0.4641025641025641
1999,5,40.9,-42.9,7.5416666666666705,7.5416666666666705,1.166666666666666,NA,NA,NA,NA,NA,NA,1.05,0.22,2.07,0.22727886693818228,12.38342786137062,10.10379346087575,0.979796613911713,0.0062489492770015425,0,0.8105205435269657,16.250000000000007,0.4641025641025641
1999,5,40.9,-42.9,7.5416666666666705,7.5416666666666705,1.166666666666666,NA,NA,NA,NA,NA,NA,0.76,0.28,2.01,0.22727886693818228,12.38342786137062,10.10379346087575,0.7346855566025533,-0.12135246947571626,0,0.8105205435269657,16.250000000000007,0.4641025641025641
1999,5,44,-36.8,10.781249999999996,10.781249999999996,0.6250000000000011,NA,NA,NA,NA,NA,NA,2.5,1.22,0.01,0.1886651281799589,18.09261166294919,19.105410933494568,0.6126101736612706,2.6989700043360187,0,1.236789099409292,22.187499999999993,0.4859154929577465
1999,5,44,-36.8,10.781249999999996,10.781249999999996,0.6250000000000011,NA,NA,NA,NA,NA,NA,0.83,0.12,0.1,0.1886651281799589,18.09261166294919,19.105410933494568,1.1409268419924303,1.220108088040055,0,1.236789099409292,22.187499999999993,0.4859154929577465
1999,5,44,-36.8,10.781249999999996,10.781249999999996,0.6250000000000011,NA,NA,NA,NA,NA,NA,0.17,0.41,0.16,0.1886651281799589,18.09261166294919,19.105410933494568,-0.08130493967748033,0.32735893438633035,0,1.236789099409292,22.187499999999993,0.4859154929577465
1999,5,44,-36.8,10.781249999999996,10.781249999999996,0.6250000000000011,NA,NA,NA,NA,NA,NA,0.17,0.29,0.24,0.1886651281799589,18.09261166294919,19.105410933494568,0.06908091914329909,0.15126767533064914,0,1.236789099409292,22.187499999999993,0.4859154929577465
1999,5,44,-31.3,5.9375,5.9375,0.625,NA,NA,NA,NA,NA,NA,1.1,0.03,0.13,0.115097810115133,25.236055084421665,21.93313394486904,1.8653014261025438,1.2284793285153695,0,0.9777236052888477,12.5,0.475
1999,5,44,-31.3,5.9375,5.9375,0.625,NA,NA,NA,NA,NA,NA,1.03,0.03,0.18,0.115097810115133,25.236055084421665,21.93313394486904,1.8367459656494909,1.0585947152658473,0,0.9777236052888477,12.5,0.475
1999,5,44.1,-39.8,21.197916666666668,24.84375,4.6875,NA,NA,NA,NA,NA,NA,0.79,0.68,0.06,0.27021278866699766,14.971896280216264,16.833857238292694,0.36614817424818624,1.420505836570779,-0.06892396981489389,0.6553518997858951,50.72916666666667,0.41786447638603696
1999,5,44.1,-39.8,21.197916666666668,24.84375,4.6875,NA,NA,NA,NA,NA,NA,1.53,0.68,0.16,0.27021278866699766,14.971896280216264,16.833857238292694,0.6532125137753437,1.281601443825655,-0.06892396981489389,0.6553518997858951,50.72916666666667,0.41786447638603696
1999,5,44.1,-39.8,21.197916666666668,24.84375,4.6875,NA,NA,NA,NA,NA,NA,0.84,0.41,0.22,0.27021278866699766,14.971896280216264,16.833857238292694,0.6125254250061274,0.8828866009036566,-0.06892396981489389,0.6553518997858951,50.72916666666667,0.41786447638603696
1999,5,44.1,-39.8,21.197916666666668,24.84375,4.6875,NA,NA,NA,NA,NA,NA,1.58,0.41,0.33,0.27021278866699766,14.971896280216264,16.833857238292694,0.8869032258986683,0.9811731427405164,-0.06892396981489389,0.6553518997858951,50.72916666666667,0.41786447638603696
1999,6,37.8,-46.6,15.000000000000014,15.000000000000014,4.5833333333333295,NA,NA,NA,NA,NA,NA,NA,NA,NA,NA,NA,NA,NA,NA,0,0.514909815609063,34.58333333333336,0.43373493975903626
2000,9,-21.8,26.2,2.3548537373737397,1.2431537962963,0.449451163636364,NA,NA,NA,NA,NA,NA,0.05555555555555547,0.01,0.047,0.07117769985713741,47.39943651719527,24.859981074929237,1.0457574905606744,0.373659632624957,0.27743907724053135,0.7192814286211321,4.0474586973064035,0.5818104429183928
2000,9,-21.4,30.6,3.71255008417508,0.528741736111112,0,NA,NA,NA,NA,NA,NA,0.7121212121212119,0.01,0.029,0.03955616310916163,44.25339612093839,24.63992227613926,2.15358391805783,1.6911859201588737,0.8464287285203121,Inf,4.241291820286192,0.8753347426880346
2000,9,-21,22,4.500199672987645,0.8898821759259281,4.508131655729395,NA,NA,NA,NA,NA,NA,0.01,0.01,0.028,0.2950985770333897,48.17926034060392,24.793898329138756,0.3010299956639812,-0.146128035678238,0.7038992756959584,-7.648069547749954e-4,9.898213504642968,0.4546476665588927
2000,9,-20.7,12.7,20.435075147232002,1.848,0.339097829379098,NA,NA,NA,NA,NA,NA,0.81,0.01,0.035,0.2162518968636339,48.75161296671087,28.172338016331196,2.2095150145426308,1.6654469701923553,1.0436742722258283,1.7800512293132431,22.6221729766111,0.903320612407998
2000,9,-20.5,34.9,1.8652742030696599,1.73536480686695,0.68291551948052,NA,NA,NA,NA,NA,NA,0.25757575757575757,0.13,0.014,0.05627018568867987,41.18270915204828,23.96859645098448,0.5979916291935496,1.5658069458221484,0.03135189820447331,0.436375701617845,4.28355452941713,0.4354500894665792
2000,9,-19,8.8,10.35490293528973,0.674344042205114,3.6964122084592854,NA,NA,NA,NA,NA,NA,0.56,0.01,0.02,0.14769522879611363,44.367675282738425,27.606646925210953,2.0492180226701815,1.7481880270062005,1.1862645073742366,0.44736563630586484,14.725659185954129,0.7031877354031535
2000,9,-17.7,39,4.97280377104377,0.48943555555555596,0.349359133333334,NA,NA,NA,NA,NA,NA,1.116161616161616,0.097,0.016,0.07867544821717522,36.17862365462563,21.91042817384005,1.3619853448213157,2.144637096431636,1.0069058061883338,1.1533292205789403,5.81159845993266,0.8556688500294961
2000,9,-16.9,5.1,23.7244297728365,1.039652777777776,1.3949956186963783,NA,NA,NA,NA,NA,NA,1.12,0.01,0.01,0.11006099019538272,39.30861806869507,27.456170327961445,2.3502480183341627,2.3502480183341627,1.3583074644984936,1.2306229391544514,26.159078169310654,0.9069291210983712
2000,9,-14.9,1.4,6.508376186938135,0.3256807579213685,16.69215051337865,NA,NA,NA,NA,NA,NA,0.16,0.01,1.918,0.1897495910525322,51.67719221115112,26.014862509444356,1.505149978319906,-0.7776986245147388,1.3006805473390612,-0.4090396446995259,23.526207458238154,0.2766436621155911
2000,9,-14.8,-8,12.65210074122555,0.631673819742489,0.8779405846944701,NA,NA,NA,NA,NA,NA,0.86,0.01,0.01,0.2009878182275729,49.13453314521096,24.340189822018147,2.2355284469075487,2.2355284469075487,1.3016697637245829,1.1586975156016892,14.161715145662507,0.8934017250799366
2000,9,-14.7,43,1.681524208333335,6.74828009777778,1.005525583333332,NA,NA,NA,NA,NA,NA,0.05555555555555547,0.368,0.01,0.15365829488093202,31.511009628122505,19.78560747206211,-0.5200903281128433,1.0457574905606744,-0.6034899762678454,0.22330999936783072,9.435329889444448,0.17821573045522238
2000,9,-13.1,-2.1,6.93868759556565,0.749552132517942,9.35772545450883,NA,NA,NA,NA,NA,NA,0.41,0.01,2.001,0.34315278313376685,52.80450469797308,24.624866478145123,1.9138138523837167,-0.3874332362524947,0.9664754903534861,-0.12989296486941512,17.045965182592422,0.40705747789814417
2000,9,-12.7,-1.4,18.02650693764945,0.4891333333333334,0,NA,NA,NA,NA,NA,NA,0.81,0.01,2.485,0.3890884938565167,52.966420043598525,24.532252974808216,2.2095150145426308,-0.18581137852671994,1.5664843200214824,Inf,18.515640270982786,0.9735826940805341
2000,9,-12.6,-4.5,5.486066323463709,0.757015107740314,6.413972141726996,NA,NA,NA,NA,NA,NA,0.46,0.01,1.27,0.31757441433993255,52.02651617743752,24.29428998380899,1.9637878273455553,-0.14001589361040157,0.8601565068811704,-0.06786601561676102,12.65705357293102,0.43343944875104845
2000,9,-11.6,47.1,1.0653144781144774,4.151731555,3.4718550333333336,NA,NA,NA,NA,NA,NA,0.13131313131313127,0.319,0.01,0.2710865539583293,28.428555076772515,17.96072268113494,-0.08445252968391322,1.4193381533732679,-0.5907514355672461,-0.513083753673584,8.68890106644781,0.12260635378024835
2000,9,-5.4,49.6,16.76472845117846,17.647997200000002,23.285623166666667,NA,NA,NA,NA,NA,NA,0.17340067340067333,0.3976666666666666,1.12,1.1470658589493146,27.62306625192815,16.445539724081755,-0.059438413562719714,-0.509137247282222,-0.02229890291002976,-0.14269134167218148,57.69834881784513,0.290558201311879
2000,10,-46.6,-33.1,19.3019914759726,1.36688317796203,3.41384002004345,NA,NA,NA,NA,NA,NA,0.61,0.01,0.01,0.22797820310701025,45.15821722863426,18.448896758258343,2.0863598306747484,2.0863598306747484,1.1498707207535932,0.7523589542221142,24.08271467397808,0.8014873629188007
2000,10,-42.4,-30.1,13.1340270786968,0.720279307458817,1.42724690733,NA,NA,NA,NA,NA,NA,0.71,0.01,0.01,0.1139891201799566,43.82778753361232,19.532731102779508,2.1522883443830563,2.1522883443830563,1.2608969690178349,0.9638987967299059,15.281553293485617,0.8594693763425026
2000,10,-38.7,-27.3,8.18418406705095,0.825682407407407,1.11454344431355,NA,NA,NA,NA,NA,NA,0.36,0.01,0.01,0.0856853738765825,45.87608342775157,21.20874660462141,1.8573324964312685,1.8573324964312685,0.996162357049994,0.8658783866337312,10.124409918771907,0.8083615867702533
2000,10,-35.1,-24.6,1.45577976817915,0.601699747482574,1.10896329799766,NA,NA,NA,NA,NA,NA,0.01,0.01,0.012,0.06580254215408456,46.5116966408743,22.467452008277174,0.3010299956639812,0.2218487496163564,0.38371585021228216,0.1181785063685515,3.166442813659384,0.45975242688710977
2000,10,-31.5,-21.7,1.92879125358775,1.07837007727968,0.0452729867070554,NA,NA,NA,NA,NA,NA,0.01,0.01,0.01,0.03804391639476472,50.53009796142578,23.583086639642715,0.3010299956639812,0.3010299956639812,0.25251739948422186,1.629446081687157,3.0524343175744857,0.6318862432133836
2000,10,-28.2,-19.1,1.57963491341142,0.12633746583626798,0.0475294867911881,NA,NA,NA,NA,NA,NA,0.11,0.01,0.01,0.02345238321206786,53.92666851634711,24.029755543917418,1.3424226808222062,1.3424226808222062,1.0970245627668864,1.521593599093817,1.7535018660388761,0.900845869631027
2000,10,-24.9,-16.4,0,0.806975283748257,0,NA,NA,NA,NA,NA,NA,0.01,0.01,0.01,0.02442066854035312,56.10535909088565,24.01384522765875,0.3010299956639812,0.3010299956639812,-Inf,NA,0.806975283748257,0
2000,10,-21.6,-13.7,9.73609478685881,0.9078666666666669,0.365880701565417,NA,NA,NA,NA,NA,NA,0.46,0.01,0.01,0.03417640670456669,53.404301979172395,24.107394631952047,1.9637878273455553,1.9637878273455553,1.0303627225793006,1.4250452902053237,11.009842155090894,0.8843082988575718
2000,10,-18.2,-10.9,10.7166584668261,1.14675,1.35934390525497,NA,NA,NA,NA,NA,NA,0.31,0.01,0.01,0.05805717205459421,50.07242197385976,24.35972166806459,1.792391689498254,1.792391689498254,0.9705906414366946,0.8967300458997842,13.222752372081072,0.8104710853886657
2001,11,139.9,-64.9,1.1138613861386102,1.2788778877887699,5.32178217821782,NA,NA,NA,NA,NA,NA,NA,NA,NA,NA,NA,NA,NA,NA,-0.05999792967528376,-0.679225946140263,7.7145214521452,0.14438502673796771
2001,11,139.9,-63.9,0.288778877887788,1.73267326732673,4.001650165016501,NA,NA,NA,NA,NA,NA,NA,NA,NA,NA,NA,NA,NA,NA,-0.7781512503836442,-1.1416736942519892,6.023102310231018,0.04794520547945196
2001,11,139.9,-60.9,0.907590759075905,1.85643564356435,3.38283828382838,NA,NA,NA,NA,NA,NA,NA,NA,NA,NA,NA,NA,NA,NA,-0.31078983295313717,-0.5713911715615113,6.146864686468636,0.14765100671140924
2001,11,139.9,-56.9,0.288778877887788,1.2788778877887699,1.89768976897689,NA,NA,NA,NA,NA,NA,NA,NA,NA,NA,NA,NA,NA,NA,-0.6462636538200139,-0.8176597916673166,3.465346534653448,0.08333333333333352
2001,11,141.6,-53.7,0.33003300330032903,1.1138613861386102,1.93894389438943,NA,NA,NA,NA,NA,NA,NA,NA,NA,NA,NA,NA,NA,NA,-0.5282737771670436,-0.7690078709437732,3.3828382838283693,0.0975609756097562
2001,11,143,-51,0.24752475247524602,1.44389438943894,1.23762376237623,NA,NA,NA,NA,NA,NA,NA,NA,NA,NA,NA,NA,NA,NA,-0.7659167939666335,-0.6989700043360187,2.929042904290416,0.084507042253521
2001,11,144.2,-48.8,0.371287128712871,1.36138613861386,0.866336633663363,NA,NA,NA,NA,NA,NA,NA,NA,NA,NA,NA,NA,NA,NA,-0.5642714304385624,-0.36797678529459305,2.5990099009900938,0.14285714285714304
2003,5,-48.7,-48.6,0.801530464402816,0.190241141948263,1.2090491726731,NA,NA,NA,NA,NA,NA,NA,NA,NA,NA,NA,NA,NA,NA,0.6246155893840171,-0.17852393062959637,2.200820779024179,0.364196154472063
2003,5,-45.3,-43.2,2.170562750468938,6.0840586207155924,0.9644768295748425,NA,NA,NA,NA,NA,NA,0.0104,NA,NA,0.31981812488465083,13.187706355807148,12.281065307557585,NA,NA,-0.447621044176726,0.3522805470201728,9.219098200759372,0.2354419817645667
2003,5,-42.2,-41,5.63478920541277,2.0378534135327353,1.7381949214839376,NA,NA,NA,NA,NA,NA,NA,NA,NA,NA,NA,NA,NA,NA,0.44170473274173677,0.5107791972480918,9.410837540429442,0.5987553372593486
2003,5,-40.4,-44.4,4.192082238248842,0.5999137505603955,2.84909257994848,NA,NA,NA,NA,NA,NA,0.489,NA,NA,0.2585673765057609,11.147003747239898,11.0594500657171,NA,NA,0.8443409773690818,0.16772323217154209,7.641088568757717,0.5486236941931414
2003,5,-37.6,-37.8,7.767910484682045,1.0068959245469051,0.17451740733036547,NA,NA,NA,NA,NA,NA,0.04336666666666666,NA,NA,0.2313076846656345,16.453149554095692,17.30701620876789,NA,NA,0.8873196292002232,1.6484654598488497,8.949323816559316,0.867988536777354
2003,5,-33.6,-34.8,8.53066370156143,1.1752146275187279,0.21279446531012675,NA,NA,NA,NA,NA,NA,0.14226666666666665,0.0337,NA,0.12319493400199072,19.18461187579964,18.736747339367867,0.9265032508254123,NA,0.8608656330638006,1.6030224934408408,9.918672794390284,0.8600610059831925
2003,5,-26.9,-29.5,6.804908417157457,1.4696147749154524,1.2368675976668602,NA,NA,NA,NA,NA,NA,0.07766666666666668,0.03136666666666667,NA,0.06919574010230246,24.88780183429959,22.221472822129726,0.6947962932627433,NA,0.6656187751497051,0.740499072273395,9.51139078973977,0.7154483048365673
2003,5,-25,-26.1,11.475014290659974,2.7731500471775172,0.36427484207378324,NA,NA,NA,NA,NA,NA,0.1645,0.0239,NA,0.05695269806754021,28.177295636527145,24.049409464001656,1.1387979970018367,NA,0.6167798664281466,1.4983240564852318,14.612439179911274,0.7852908162270038
2003,5,-25,-21.6,12.6522369111517,2.86390848314234,0.2763331154954775,NA,NA,NA,NA,NA,NA,0.0918,0.0443,NA,0.03473052231683617,33.72339702557914,25.616351813077927,0.6174689506421541,NA,0.6452081795388979,1.6607343819464833,15.792478509789516,0.8011558732410984
2003,5,-25,-13.9,6.301068004115186,0.66031324581893,0.20449532194938502,NA,NA,NA,NA,NA,NA,0.09636666666666668,0.0205,NA,0.0269206314392033,41.44136008733435,26.74675740301609,0.9732029715592223,NA,0.9796641574874105,1.4887307892492687,7.165876571883501,0.879315732123892
2003,5,-25,-10.6,11.122305305693642,0.639327649611254,0.35947163159068424,NA,NA,NA,NA,NA,NA,0.08106666666666668,0.01856666666666666,NA,0.04164601933388483,43.89756866648227,27.61299477517605,0.9411383710909499,NA,1.240471325039301,1.490530189356263,12.12110458689558,0.9175983282677254
2003,5,-25,-2.2,14.686005871988975,1.1448974607744178,0.45634519802597373,NA,NA,NA,NA,NA,NA,0.1717,NA,NA,0.1254251886691366,45.914505149744734,28.023489072918892,NA,NA,1.108137105352379,1.5076102125694684,16.287248530789366,0.9016873441960803
2003,6,-35.8,18,11.854910324484418,4.577595174747382,0.1881955352856795,NA,NA,NA,NA,NA,NA,0.22190000000000004,NA,NA,0.05310117825865745,54.346588543483186,24.79609566181898,NA,NA,0.4132608904702471,1.7992889570454293,16.62070103451748,0.7132617511057097
2003,6,-32.6,24.3,6.392981805517847,1.4974792396498033,0.16249696636583855,NA,NA,NA,NA,NA,NA,NA,NA,NA,NA,NA,NA,NA,NA,0.6303426581817546,1.594858210824831,8.05295801153349,0.7938675200295078
2003,6,-32.3,12.2,4.8132491152684524,2.8496402042216573,0.2784626971852836,NA,NA,NA,NA,NA,NA,0.080425,0.0886,NA,0.0938671649921508,50.90112436385382,26.099195323884487,0.2589873433509378,NA,0.2276483102544887,1.2376713142791456,7.941352016675394,0.6060994532368676
2003,6,-22.9,32.7,6.44241241373623,2.1062570015849937,0.18255257274617304,NA,NA,NA,NA,NA,NA,NA,NA,NA,NA,NA,NA,NA,NA,0.4855371610248102,1.5476605649982618,8.731221988067398,0.7378591934257095
2003,6,-20.8,36.7,17.133305563952028,8.885312212324022,2.2480663492126687,NA,NA,NA,NA,NA,NA,NA,NA,NA,NA,NA,NA,NA,NA,0.2851684677189301,0.882032035567307,28.26668412548872,0.6061307186895166
2003,6,-20.2,40.2,8.797594239098428,5.342185004470963,3.5727986480336233,NA,NA,NA,NA,NA,NA,NA,NA,NA,NA,NA,NA,NA,NA,0.21664500372055048,0.39135538627053973,17.712577891603015,0.49668626966315815
2003,6,-13.9,47.1,17.934599738894725,2.89481436984892,2.532524248085548,NA,NA,NA,NA,NA,NA,0.055025,0.0221,NA,0.4948137381247112,47.13218341554914,15.438001653179526,0.697197773204256,NA,0.7920709688198715,0.850138076336757,23.361938356829192,0.767684575867056
2003,9,-24.7,38.2,7.5917246888334935,2.2082575898056565,0.41972389568440266,NA,NA,NA,NA,NA,NA,0.362808398085464,0.01,0.01754999999999999,0.08914091268723662,37.39381696961143,22.86040833592415,1.860707326973657,1.6164302061718143,0.5362907183851278,1.2573767550404573,10.219706174323552,0.742851561418398
2003,9,-20.6,22,23.698894795771825,1.8007119994931466,7.641799528324093,NA,NA,NA,NA,NA,NA,0.3773968714135938,0.01,0.01805,0.29314136098731647,48.532942511818625,24.671620834618807,1.8778282912452937,1.621351085003617,1.1192838344349827,0.4915324526367671,33.14140632358907,0.7150841628257536
2003,9,-18.2,20.6,NA,NA,11.673667509632045,NA,NA,NA,NA,NA,NA,NA,NA,NA,NA,NA,NA,NA,NA,NA,NA,NA,NA
2003,9,-9.9,48.4,8.702839702717446,1.0409662807696183,1.5221127120323326,NA,NA,NA,NA,NA,NA,0.32968456994659384,0.048475,0.02418749999999999,0.39316903867504815,27.69193569096652,17.2213202342391,1.1336107994759745,1.435537634863731,0.9222243223750383,0.757214171328425,11.265918695519396,0.7724926779543225
2003,10,-41.7,-41.2,NA,NA,21.874931277586068,NA,NA,NA,NA,NA,NA,NA,NA,NA,NA,NA,NA,NA,NA,NA,NA,NA,NA
2004,4,-50.5,-47.2,2.1991847884609768,1.590559553841898,7.024333333333333,NA,NA,NA,NA,NA,NA,NA,NA,NA,NA,NA,NA,NA,NA,0.14071178824260913,-0.5043433895609477,10.814077675636208,0.20336313964302977
2004,5,-41.5,-41,9.997212246153254,0.535433394864964,9.847133715354776,NA,NA,NA,NA,NA,NA,NA,NA,NA,NA,NA,NA,NA,NA,1.2711734579613556,0.006569077215907161,20.379779356372993,0.4905456566205173
2004,5,-38.9,-38.2,3.9364124417930353,0.916371319341382,1.8111624072481733,NA,NA,NA,NA,NA,NA,NA,NA,NA,NA,NA,NA,NA,NA,0.6330291076601274,0.33714320048682667,6.663946168382591,0.5907029172098555
2004,5,-36.7,29.3,1.246401568840505,NA,0.8827892820636255,NA,NA,NA,NA,NA,NA,0.0417,0.0715,NA,0.03021215390236605,56.20534785789779,21.901882991194725,0.06686000883665814,NA,NA,0.14980093521709986,NA,NA
2004,5,-34.8,-36,5.765087509436963,2.712339722539333,2.1041705843601526,NA,NA,NA,NA,NA,NA,0.22166666666666668,0.01525,NA,0.14260272220486686,18.010814147659495,18.11001922935247,1.4634605425646188,NA,0.32746181962089765,0.4377249589171413,10.58159781633645,0.5448220211636191
2004,5,-33.7,23.3,2.7047516243111445,NA,0.427040995587614,NA,NA,NA,NA,NA,NA,NA,NA,NA,NA,NA,NA,NA,NA,NA,0.8016578213339761,NA,NA
2004,5,-32.5,31.3,1.08381623670373,NA,NA,NA,NA,NA,NA,NA,NA,0.11845,0.04525,NA,0.04405074211813155,55.99797463718849,20.89709158614278,0.7189464771815429,NA,NA,NA,NA,NA
2004,5,-32.3,18.8,4.435218312443113,NA,1.472263505887945,NA,NA,NA,NA,NA,NA,0.09813333333333334,0.01,NA,0.0682694816163608,55.5098094215876,23.90047913789749,1.29284654660978,NA,NA,0.4789294547115569,NA,NA
2004,5,-31,-33,5.603020983309634,1.4627322643128537,NA,NA,NA,NA,NA,NA,NA,0.12715,0.01,NA,0.10629762176956448,20.625491504427753,20.287087619304657,1.405346360175709,NA,0.5832574079264073,NA,NA,NA
2004,5,-30.7,14.8,10.401043805932986,NA,1.89543562817592,NA,NA,NA,NA,NA,NA,0.1934,0.01,NA,0.09178739218484788,52.0845879663395,24.4036683216691,1.5874864654109642,NA,NA,0.739367885768166,NA,NA
2004,5,-29.4,11.4,11.970525774509975,NA,1.257215499173882,NA,NA,NA,NA,NA,NA,0.27490000000000003,0.01,NA,0.11720069143034165,51.896695631968825,25.807763904333115,1.7402047355074497,NA,NA,0.9787034996544319,NA,NA
2004,5,-28.2,-30.7,5.908772010765795,0.6605456979925654,0,NA,NA,NA,NA,NA,NA,0.1454,0.0581,NA,0.08181063209970792,23.47852330268184,21.771996214985847,0.6994182697966694,NA,0.9515943646745977,Inf,6.56931770875836,0.8994498778599319
2004,5,-27.8,7.3,9.192252005956677,NA,4.213321887489,NA,NA,NA,NA,NA,NA,0.173625,0.01,NA,0.13841052388861066,47.75452461725549,27.501174956560135,1.5406422544096532,NA,NA,0.33879728261333075,NA,NA
2004,5,-25.1,-28.1,3.02547960397816,2.874402936939559,0.05851230392635838,NA,NA,NA,NA,NA,NA,0.06913333333333332,0.01,NA,0.060891766810701,26.393953854524636,22.974303413182497,1.140717492997341,NA,0.02224658157781506,1.7135470306925857,5.9583948448440776,0.5077675586733179
2004,5,-25,-24.2,2.1932795391342768,3.4897556137628634,1.684184612269928,NA,NA,NA,NA,NA,NA,0.054,0.01,NA,0.04409937879868916,30.357258156885074,24.814325384795666,1.0334237554869496,NA,-0.20170102739223317,0.11470429209812939,7.367219765167069,0.2977079019013815
2004,5,-25,-20.9,3.972552832485555,4.643240873233831,5.627784998323936,NA,NA,NA,NA,NA,NA,0.0688,0.01,NA,0.03271180684013026,34.660371756251855,25.82387767732143,1.1386184338994925,NA,-0.0677515319903766,-0.15126781569999528,14.24357870404332,0.27890131511386723
2004,5,-25,-16.5,2.717980422832885,5.012341595022805,0.961072718318918,NA,NA,NA,NA,NA,NA,NA,NA,NA,NA,NA,NA,NA,NA,-0.2657943365854653,0.45149007501617794,8.691394736174608,0.3127208584279725
2004,5,-25,-12.3,4.094332298969375,0.49372157782161596,NA,NA,NA,NA,NA,NA,NA,0.115,0.01,NA,0.03417516712631498,42.17200520672375,27.218777015805244,1.3617278360175928,NA,0.9187009791826549,NA,NA,NA
2004,5,-25,-4.4,6.215953685605383,NA,2.6075,NA,NA,NA,NA,NA,NA,0.03655,0.01,NA,0.11143416059868676,45.79683468009852,28.176976829767227,0.8639173769578604,NA,NA,0.37728345282541087,NA,NA
2004,5,-25,-0.1,3.86601331532956,NA,2.848289123341975,NA,NA,NA,NA,NA,NA,0.2119333333333333,0.0106,NA,0.13771909901074,48.29174616367002,27.7243262976408,1.6019233992583026,NA,NA,0.1326792740467201,NA,NA
2004,5,-22.9,35.7,11.2657246342553,NA,NA,NA,NA,NA,NA,NA,NA,NA,NA,NA,NA,NA,NA,NA,NA,NA,NA,NA,NA
2004,5,-19.9,38.6,4.807456325007306,NA,4.36470818711481,NA,NA,NA,NA,NA,NA,NA,NA,NA,NA,NA,NA,NA,NA,NA,0.041960134202848616,NA,NA
2004,5,-18.8,42,4.40864300499806,NA,12.5542304393877,NA,NA,NA,NA,NA,NA,0.1084,0.0209,NA,0.46135563864594414,47.22736626637133,15.362743008881807,1.0159129917552954,NA,NA,-0.45448516333888345,NA,NA
2004,5,-17.3,46.4,2.3990584979032823,NA,15.210271676438875,NA,NA,NA,NA,NA,NA,0.0983,0.07876666666666667,NA,0.7689889683609917,43.2426636611359,13.794213697314262,0.39724104658341025,NA,NA,-0.8020961334211656,NA,NA
2004,5,-16.4,49,2.096960279639553,NA,18.069324472593202,NA,NA,NA,NA,NA,NA,0.2328,0.14935,NA,0.5134067499921435,43.251372421844096,13.02063051983714,0.4938077447016849,NA,NA,-0.935351712436676,NA,NA
2005,5,77,-5,0.761494252873563,0.474137931034483,0.201149425287356,NA,NA,NA,NA,NA,NA,NA,NA,NA,NA,NA,NA,NA,NA,0.20576192972290125,0.5781478339225516,1.436781609195402,0.5299999999999999
2005,5,77,-2.5,0.610119047619048,0.3125,0.416666666666667,NA,NA,NA,NA,NA,NA,NA,NA,NA,NA,NA,NA,NA,NA,0.29056456198581654,0.1656258253775162,1.339285714285715,0.45555555555555555
2005,5,77,0,1.76190476190476,0.5238095238095241,0.357142857142857,NA,NA,NA,NA,NA,NA,NA,NA,NA,NA,NA,NA,NA,NA,0.5268090389087693,0.6931404606752947,2.6428571428571415,0.6666666666666663
2005,5,77,2.5,0.540123456790123,0.524691358024691,0.185185185185185,NA,NA,NA,NA,NA,NA,NA,NA,NA,NA,NA,NA,NA,NA,0.012589127308020373,0.46488679830265084,1.2499999999999991,0.4320987654320987
2005,5,77,5,0.625,0.848214285714286,0.26785714285714296,NA,NA,NA,NA,NA,NA,NA,NA,NA,NA,NA,NA,NA,NA,-0.1326255652745911,0.36797678529459427,1.741071428571429,0.35897435897435886
2005,5,83,-5,0.7395833333333329,0.229166666666667,0.21875,NA,NA,NA,NA,NA,NA,NA,NA,NA,NA,NA,NA,NA,NA,0.5088356678968682,0.5290390539851558,1.1875,0.6228070175438593
2005,5,83,-2.5,1.1145833333333302,0.333333333333333,0.333333333333333,NA,NA,NA,NA,NA,NA,NA,NA,NA,NA,NA,NA,NA,NA,0.5242337993653029,0.5242337993653029,1.7812499999999962,0.6257309941520464
2005,5,83,0,0.666666666666667,0.5833333333333329,0.5833333333333329,NA,NA,NA,NA,NA,NA,NA,NA,NA,NA,NA,NA,NA,NA,0.05799194697768724,0.05799194697768724,1.833333333333333,0.36363636363636387
2005,6,83,3,0.469858156028369,0.76241134751773,0.7446808510638301,NA,NA,NA,NA,NA,NA,NA,NA,NA,NA,NA,NA,NA,NA,-0.2102225816427782,-0.20000341646109263,1.9769503546099292,0.23766816143497768
2005,6,83,5,0.55952380952381,0.44047619047619,0.654761904761905,NA,NA,NA,NA,NA,NA,NA,NA,NA,NA,NA,NA,NA,NA,0.10389613386872328,-0.06826483155852618,1.654761904761905,0.3381294964028779
2006,1,64,0,0.625,0.930779569892473,1.3071236559139798,NA,NA,NA,NA,NA,NA,NA,NA,NA,NA,NA,NA,NA,NA,-0.17296682484653217,-0.32043665710779184,2.862903225806453,0.21830985915492948
2006,2,61,-7.5,0.436827956989247,0.9375,1.12567204301075,NA,NA,NA,NA,NA,NA,NA,NA,NA,NA,NA,NA,NA,NA,-0.3316608509667611,-0.41110145473000775,2.4999999999999973,0.174731182795699
2006,2,76,-69,1.82471264367816,4.74137931034483,11.0632183908046,NA,NA,NA,NA,NA,NA,NA,NA,NA,NA,NA,NA,NA,NA,-0.41471021892193105,-0.7826870042165253,17.62931034482759,0.10350448247758753
2006,3,48,-43,0.222222222222222,0.458333333333333,0.7314814814814821,NA,NA,NA,NA,NA,NA,NA,NA,NA,NA,NA,NA,NA,NA,-0.31439395722196284,-0.5174158495788362,1.412037037037037,0.15737704918032772
2006,3,48,-40,0.7,1.05416666666667,2.52083333333333,NA,NA,NA,NA,NA,NA,NA,NA,NA,NA,NA,NA,NA,NA,-0.17781123944995647,-0.5564460929266054,4.275,0.1637426900584795
2006,3,48,-35,0.329710144927536,0.5833333333333329,0.347826086956522,NA,NA,NA,NA,NA,NA,NA,NA,NA,NA,NA,NA,NA,NA,-0.24778448371075615,-0.023229840718475493,1.260869565217391,0.2614942528735631
2006,3,50,-58,0.09166666666666669,0.241666666666667,0.383333333333333,NA,NA,NA,NA,NA,NA,NA,NA,NA,NA,NA,NA,NA,NA,-0.42100531274073155,-0.6213651465233486,0.7166666666666668,0.12790697674418605
2006,3,56.3,-65,0.316666666666667,0.225,0.416666666666667,NA,NA,NA,NA,NA,NA,NA,NA,NA,NA,NA,NA,NA,NA,0.14841983245782325,-0.11918640771920858,0.9583333333333339,0.3304347826086958
2007,7,-122.9,70.5,94.235294117647,42.941176470588196,25.4117647058824,NA,NA,NA,NA,NA,NA,NA,NA,NA,NA,NA,NA,NA,NA,0.34133965162776303,0.5691787649333057,162.5882352941176,0.5795947901591895
2007,8,-152,71.4,172.040816326531,55.9183673469388,57.5510204081633,NA,NA,NA,NA,NA,NA,NA,NA,NA,NA,NA,NA,NA,NA,0.48807701180435514,0.4755784663053819,285.5102040816331,0.602573266619014
2008,3,0,-57.5,1.71875,0.9447916666666665,1.7416666666666674,NA,NA,NA,NA,NA,NA,2.1075,0.615,27.8725,0.23505560521568572,15.015937454729196,0.7107456028461456,0.8359224631853444,-0.8203783451709576,0.2598766571538111,-0.00575232888909147,4.405208333333333,0.3901631591392764
2008,3,-0,-55.5,0.8291666666666673,0.5197916666666668,1.8656250000000023,NA,NA,NA,NA,NA,NA,1.3625,0.415,28.5,0.27756630735737936,16.08917236328125,0.9692984074354172,0.8173184099005686,-1.019478353395849,0.2028125221142794,-0.35218251811136275,3.2145833333333362,0.2579390797148412
2008,3,-0,-51.7,0.7802083333333342,0.423958333333333,0.9569444444444454,NA,NA,NA,NA,NA,NA,1.9525,0.7975000000000001,25.71,0.14895997941493988,17.807401266442724,3.2125919659932456,0.6898903464841003,-0.8184810384295415,0.26488740847424724,-0.08867614081645923,2.1611111111111123,0.3610218508997431
2008,3,1.2,-50.3,1.3444444444444468,0.30625,0.821875,NA,NA,NA,NA,NA,NA,0.97,1.26,22.8,0.16441991676886877,18.96585336937962,4.400616407394409,0.1874311848126631,-1.0701331170702277,0.642466763504537,0.21373709070727404,2.4725694444444466,0.5437438561999723
2008,3,2.8,-49,0.3895833333333333,0.5333333333333332,1.425,NA,NA,NA,NA,NA,NA,1.0725,0.73,20.93,0.14957849823293232,19.77000376689865,5.553849935531616,0.46810443640028715,-0.9893419318179434,-0.13639835877535053,-0.5632144951836173,2.3479166666666664,0.16592724046140195
2008,3,4.4,-47.5,1.5697916666666667,1.3895833333333325,2.7604166666666674,NA,NA,NA,NA,NA,NA,0.8825000000000001,0.6,21.06,0.13230095342511222,21.072130387087903,7.143070936203003,0.46859345934019775,-1.0767136571256264,0.052957422734101915,-0.24513262162217617,5.719791666666667,0.2744490985248589
2008,3,5.9,-46,0.9799999999999992,1.0049999999999994,1.6075000000000006,NA,NA,NA,NA,NA,NA,1.0633333333333337,0.6666666666666667,18.52,0.1421987804628554,22.63632319346968,7.468276023864746,0.5037906830571812,-0.9399415583444155,-0.010939986064012917,-0.21492490590376537,3.5924999999999994,0.2727905358385524
2008,3,6.8,-44.8,1.532291666666665,1.025,1.27916666666667,NA,NA,NA,NA,NA,NA,0.9733333333333334,0.31,17.79,0.1482541177953993,24.05177518545863,8.579210917154947,0.7979298985584644,-0.9608843556911879,0.17461757429618818,0.0784143059223797,3.836458333333335,0.39940266087428666
2008,3,8.9,-42.5,4.707291666666667,0.9760416666666683,5.355208333333333,NA,NA,NA,NA,NA,NA,1.395,0.09,10.86,0.2293174571934201,27.40600418182741,11.326242923736572,1.4913616938342726,-0.5902256219792306,0.6833027504434228,-0.056005262535832004,11.038541666666667,0.42644144569217707
2008,3,9.9,-41.1,8.33583333333332,1.1416666666666653,1.3508333333333333,NA,NA,NA,NA,NA,NA,0.925,0.07250000000000001,2.38,0.3242992290428707,28.957064456250293,13.78908634185791,1.4068337218320202,-0.10940522865349808,0.8634097016488201,0.7903472539567113,10.828333333333319,0.7698168385408647
2008,3,13.1,-36.5,12.676041666666675,0.7541666666666668,0.6437499999999999,NA,NA,NA,NA,NA,NA,0.6466666666666667,0.03,0.01,0.2045564931773004,37.11653463524508,19.76894474029541,1.6345892161548825,2.1117104708745447,1.22551632490673,1.2942664160150612,14.073958333333342,0.9006735252757013
2008,3,14.4,-34.4,1.1277777777777775,0.9402777777777757,0.5249999999999999,NA,NA,NA,NA,NA,NA,0.22,0.04,0.01,0.16414889019160045,40.36998666050923,20.8007755279541,1.0413926851582251,1.6434526764861874,0.07896736055603186,0.3320642294039499,2.5930555555555532,0.43492233529726865
2008,7,-126.7,49.1,206.329113924051,78.98734177215191,275.949367088608,NA,NA,NA,NA,NA,NA,NA,NA,NA,NA,NA,NA,NA,NA,0.41700301472153456,-0.1262688892006469,561.265822784811,0.3676138926477222
2008,7,-122.5,70.5,142.833333333333,65.5,21.166666666666703,NA,NA,NA,NA,NA,NA,NA,NA,NA,NA,NA,NA,NA,NA,0.3385882715477705,0.8291771009672395,229.49999999999972,0.6223674655047198
2008,8,-152.2,71.3,60.6,25.4,98.8,NA,NA,NA,NA,NA,NA,NA,NA,NA,NA,NA,NA,NA,NA,0.37763890754634816,-0.21228432042134188,184.8,0.3279220779220779
2010,8,-156.7,71.4,11.583333333333334,29.606666666666666,19.386666666666667,0.00218,0.0067150000000000005,1.9e-4,NA,NA,NA,NA,NA,NA,NA,NA,NA,NA,NA,-0.40755595991152443,-0.2236695889248487,60.57666666666667,0.19121774060419303
2010,8,-76.3,38.3,87.14166666666667,226.596875,78.18333333333334,0.007566666666666667,0.004780769230769231,0.006441666666666667,NA,NA,NA,NA,NA,NA,NA,NA,NA,NA,NA,-0.41502805423743383,0.047111679407743766,391.921875,0.22234448298316256
2010,8,-76.3,39.1,72.2,287.525,125.375,0.004625,0.0019333333333333333,0.0043749999999999995,NA,NA,NA,NA,NA,NA,NA,NA,NA,NA,NA,-0.600138414551717,-0.23967374845883538,485.09999999999997,0.14883529169243456
2010,8,-76,37.5,39.5,137.75,34.325,0.008775,0.013166666666666667,0.006775,NA,NA,NA,NA,NA,NA,NA,NA,NA,NA,NA,-0.5424945118973624,0.06098654971766747,211.575,0.18669502540470284
2010,11,-64.8,29.9,NA,NA,NA,NA,NA,NA,NA,NA,NA,0.07,0.015,0.0525,0.05680639703165401,26.46390168063612,24.867305517196655,0.9700367766225568,0.4259687322722812,NA,NA,NA,NA
2010,11,-64.2,24.5,NA,NA,NA,NA,NA,NA,NA,NA,NA,0.07250000000000001,0.0225,0.04249999999999999,0.03467588101259687,32.25664290462632,27.060243532061577,0.8091854841236125,0.5329790721846636,NA,NA,NA,NA
2010,11,-64.2,28.4,NA,NA,NA,NA,NA,NA,NA,NA,NA,0.065,0.0175,0.03,0.04815924574028362,28.249034123248364,25.467543561011553,0.8709053036205423,0.6368220975871743,NA,NA,NA,NA
2010,11,-64.2,33.6,NA,NA,NA,NA,NA,NA,NA,NA,NA,0.05749999999999999,0.0225,0.07,0.10813342102549292,22.066606452666132,23.46687215566635,0.7085153222422491,0.21559980033935472,NA,NA,NA,NA
2010,11,-64.2,34.7,NA,NA,NA,NA,NA,NA,NA,NA,NA,0.07,0.02,0.0625,0.13173904744061557,21.04239558024579,23.313303016126156,0.8450980400142569,0.35024801833416286,NA,NA,NA,NA
2011,1,-156.7,71.3,0.023333333333333334,0.24000000000000002,0.08666666666666666,3.5000000000000004e-5,4.3499999999999995e-4,0,NA,NA,NA,NA,NA,NA,NA,NA,NA,NA,NA,-1.0122344564170116,-0.569875307956561,0.35000000000000003,0.06666666666666667
2011,4,-156.7,71.3,0.02666666666666667,0.18,0.08333333333333333,7e-5,5.250000000000001e-4,2e-5,NA,NA,NA,NA,NA,NA,NA,NA,NA,NA,NA,-0.8293037728310249,-0.49485002168009395,0.29,0.09195402298850576
2011,8,-156.7,71.4,0.66,3.213333333333333,0.5466666666666666,5.05e-4,0.002845,3.55e-4,NA,NA,NA,NA,NA,NA,NA,NA,NA,NA,NA,-0.6874118436412996,0.08182134221383329,4.42,0.1493212669683258
2012,1,-156.6,71.4,0.006666666666666667,0.10666666666666667,0.09,1.5000000000000002e-5,2.45e-4,5e-5,NA,NA,NA,NA,NA,NA,NA,NA,NA,NA,NA,-1.2041199826559248,-1.130333768495006,0.20333333333333334,0.03278688524590164
2015,5,134,25,0.6667099120349895,0.6177052785923756,NA,NA,NA,NA,NA,NA,NA,0.07643953763035033,0.02957617255458207,0.027,0.05223788675807771,48.22662619095814,25.406994838267565,0.7134060757300381,0.7529842829230978,0.03315559925651433,NA,NA,NA
2015,5,147,30,0.657678571428571,0.404938271604938,NA,NA,NA,NA,NA,NA,NA,0.13198843431087967,0.0630290441675583,0.023,0.10044959152028674,43.619923048381565,21.29102450609207,0.6220251516960902,1.059838036798994,0.21062486701568323,NA,NA,NA
2015,5,147,38,3.47543252595156,3.6211389961390004,NA,NA,NA,NA,NA,NA,NA,0.13519300173810997,0.19603275128090503,4.8802,0.7412921672775632,43.582461079464686,15.29663991741836,0.13965557141507004,-1.2564534139822199,-0.017836334092632702,NA,NA,NA
2015,5,147.8,34,1.2309468822170901,0.5304,NA,NA,NA,NA,NA,NA,NA,0.09609686727134306,0.11460446155790036,0.02366666666666667,0.26970084721133825,41.99530951584442,19.87057100236416,0.22453770062702258,0.9096021316958072,0.3656357972764902,NA,NA,NA
2016,3,95,-28.3,0.397,1.911,0.36000000000000004,0.0029,0.0137,0.0026,NA,NA,NA,NA,NA,NA,NA,NA,NA,NA,NA,-0.6824701802918978,0.04248800599582774,2.6679999999999997,0.14880059970014994
2016,3,95,-26.5,0.5630000000000001,1.417,0.41800000000000004,0.0042,0.0105,0.0031,NA,NA,NA,0.01,NA,NA,0.02761930564329737,43.322510868669994,23.482863744099937,NA,NA,-0.4008614553961142,0.12933211307631107,2.398,0.23477898248540452
2016,3,95,-24.7,0.888,1.176,0.26899999999999996,0.0081,0.0107,0.0024,NA,NA,NA,0.02,0.01,0.01,0.02887844108045101,45.17986044826278,24.022430419921875,0.6020599913279624,0.6020599913279624,-0.12199435596151863,0.5186606857761931,2.333,0.3806258036862409
2016,3,95,-20.8,1.439,2.091,0.611,0.0083,0.012,0.0035,NA,NA,NA,0.026,0.01,0.01,0.03655076559100832,47.26733039947877,25.371227264404297,0.7160033436347991,0.7160033436347991,-0.1622932388810667,0.372019583694051,4.141,0.3475006037189085
2016,3,95,-17.4,1.2899999999999998,2.448,0.815,0.0072,0.0137,1e-4,NA,NA,NA,0.01,0.01,0.01,0.04261608918507894,47.355294606771814,26.82952372233073,0.3010299956639812,0.3010299956639812,-0.2782217031742747,0.19943210155927235,4.552999999999999,0.2833296727432462
2016,4,87.1,9.5,11.977,7.023,1.385,0.0417,0.0245,3e-4,NA,NA,NA,0.091,0.01,0.01,0.10304465606099084,51.41420076854193,30.02261420711875,1.2600713879850747,1.2600713879850747,0.23182538113907036,0.9368982761548897,20.385,0.5875398577385332
2016,4,87.3,10.8,9.077,4.4879999999999995,1.247,0.0348,0.0172,5e-4,NA,NA,NA,0.061,0.01,0.01,0.10527415857428596,53.38523830584626,29.988799698650837,1.0863598306747482,1.0863598306747482,0.3058894871972997,0.8620758819668619,14.812,0.612813934647583
2016,4,88.2,8,10.755,5.829,3.115,0.0331,0.0179,1e-4,NA,NA,NA,0.049,NA,NA,0.109443156846932,49.32773777975965,30.061067529022697,NA,NA,0.26601635940403645,0.5381523637282929,19.698999999999998,0.5459668003451953
2016,4,88.5,12.7,13.014,5.2909999999999995,1.4989999999999999,0.0483,0.0196,9e-4,NA,NA,NA,0.115,NA,NA,0.10912198573350906,54.84872356813345,29.955595560371876,NA,NA,0.3908730408657801,0.9386091695495574,19.804,0.6571399717228843
2016,4,89.3,6.5,21.35,8.931,3.351,0.0607,0.0254,4e-4,NA,NA,NA,0.097,NA,NA,0.10757169446774892,46.657596075712746,29.990997031331062,NA,NA,0.37849778999465555,0.8042234515257712,33.632,0.6348120837297813
2016,4,89.6,14.6,16.686,5.229,1.89,0.0618,0.0194,3e-4,NA,NA,NA,0.145,0.04,0.01,0.1250151725752013,55.70815687037226,29.71291237324476,0.8603380065709937,1.462397997898956,0.5039335974181476,0.945890435074559,23.805,0.700945179584121
2016,4,89.8,17,18.909,5.817,1.042,0.0652,0.0201,0.0022,NA,NA,NA,0.175,NA,NA,0.1650842002459935,55.31832771870627,29.15576646476984,NA,NA,0.5119694980469096,1.2588008428817719,25.768,0.7338171375349269
2016,4,90.8,4.7,16.567999999999998,6.5760000000000005,2.882,0.0301,0.0178,3e-4,NA,NA,NA,NA,NA,NA,NA,NA,NA,NA,NA,0.40130828135340213,0.7595761094074256,26.026,0.6365941750557135
2016,4,91.8,3,11.135000000000002,7.864,2.7529999999999997,0.0285,0.0201,0.0012,NA,NA,NA,0.061,NA,NA,0.07839268942674,45.830939477949,29.97061066702008,NA,NA,0.15104671654597787,0.6068840099767269,21.752000000000002,0.5119069510849578
2016,4,92.3,1.4,8.786,9.018999999999998,3.165,0.0247,0.0253,0.0019,NA,NA,NA,0.067,0.01,0.01,0.08100254656303496,45.74171521770421,29.975005332380533,1.1271047983648077,1.1271047983648077,-0.011367187996491918,0.44341748457592767,20.97,0.4189794945159752
2016,4,93,0.6,18.127000000000002,8.097999999999999,2.385,0.0441,0.0197,0.0011,NA,NA,NA,0.085,0.01,0.01,0.08249247074127197,45.56993925749366,29.972807999700308,1.2304489213782739,1.2304489213782739,0.34994816231657794,0.8808375513728398,28.61,0.6335896539671445
2016,4,94.1,-2.2,12.058,8.385,2.419,0.0427,0.0297,3e-4,NA,NA,NA,0.073,0.01,0.01,0.07507524053965296,44.83485734284814,29.771833442151543,1.1643528557844371,1.1643528557844371,0.15777221258722926,0.6976394111674541,22.862,0.5274254220978043
2016,4,94.4,-3.1,10.01,5.823,1.673,0.0436,0.0254,2e-4,NA,NA,NA,0.067,0.01,0.01,0.07220356006707464,45.76799170650653,29.721945852041245,1.1271047983648077,1.1271047983648077,0.23528728737129334,0.7769381365169241,17.506,0.5718039529304239
2016,4,94.9,-4.5,12.128,6.6899999999999995,1.9480000000000002,0.0437,0.0241,5e-4,NA,NA,NA,0.169,NA,NA,0.07261407517251514,45.74461085760771,29.623187955468893,NA,NA,0.2583630705201552,0.7942002357453816,20.766,0.5840315900992007
2016,4,95,-13.6,5.615,3.832,1.194,0.0242,0.0165,0.0012,NA,NA,NA,0.085,NA,NA,0.06073336924115816,40.983506444674816,28.007782213389874,NA,NA,0.16592426019096984,0.6723454338041264,10.640999999999998,0.527675970303543
2016,4,95,-11.4,2.219,4.418,1.074,0.01,0.0199,1e-4,NA,NA,NA,0.01,NA,NA,0.0790045935483206,42.44391689015858,28.551377903670073,NA,NA,-0.29906840930340783,0.31515302086847147,7.711,0.28777071715730773
2016,4,95,-10.3,3,5.135,0.949,0.0122,0.0208,0.0014,NA,NA,NA,0.037,NA,NA,0.09293719469791369,42.997580884107904,28.79947303980589,NA,NA,-0.23341919321363458,0.49985504229236977,9.084,0.33025099075297226
2016,4,95,-8.2,2.5709999999999997,3.8080000000000003,1.08,0.0102,0.0152,9e-4,NA,NA,NA,0.014,0.01,0.01,0.08761424003612428,43.65299842606729,29.228034295141697,0.4471580313422192,0.4471580313422192,-0.17059486306957616,0.3766783211559108,7.459,0.3446842740313715
2016,4,95,-6.6,3.247,5.8100000000000005,1.7550000000000001,0.0131,0.0234,0.0019,NA,NA,NA,0.01,0.01,0.01,0.08380967272179467,43.61851376206128,29.411145351827145,0.3010299956639812,0.3010299956639812,-0.25269384376432935,0.26720516782415854,10.812000000000001,0.30031446540880496
2016,8,-78.6,33.3,89.71381166666666,48.472362333333336,83.586225,0.028293613999999998,0.015835792333333334,0.027314177000000002,NA,NA,NA,0.01,0.023,0.01,0.9356775934045966,48.8692234212702,27.77156895026565,-0.06069784035361164,0.3010299956639812,0.26736512304415777,0.03072459726115579,221.772399,0.40453100598269964
2016,8,-77.5,33.3,47.27036266666667,30.947241666666667,37.29790633333333,0.025086032666666667,0.01789034533333333,0.019186308,NA,NA,NA,0.01,0.012,0.01,0.18081752109256655,46.48139383576133,28.36570329219103,0.2218487496163564,0.3010299956639812,0.18396698796638128,0.10290448033099839,115.51551066666667,0.40921225551320767
2016,8,-77.4,34,14.305383333333333,7.934698666666666,6.803017,0.009245449666666666,0.005215100666666667,0.004239259333333334,NA,NA,NA,0.01,0.01,0.01,0.6253947764635086,48.542902426286176,27.76485487818718,0.3010299956639812,0.3010299956639812,0.2559690614915862,0.3227979436262175,29.043099,0.4925570557512934
2016,8,-76.5,33.3,39.325634,16.310523,31.673752,0.071165163,0.029516143,0.057318026,NA,NA,NA,0.01,0.01,0.01,0.08548365770415826,44.68373177268288,29.393892221152782,0.3010299956639812,0.3010299956639812,0.3822078459623553,0.09397622101323906,87.309909,0.45041432811480764
2016,8,-76.4,34.5,19.741011,10.324533666666667,12.936163666666666,0.013293942666666668,0.006931590666666667,0.008262412666666667,NA,NA,NA,0.01,0.01,0.01,0.6758509522134607,48.80027458884499,27.57734915614128,0.3010299956639812,0.3010299956639812,0.2814989457286061,0.18356388893512937,43.00170833333333,0.4590750406233861
2016,8,-76.3,34,28.997518,8.407992,6.701428,0.030642555,0.00888498,0.007081602,NA,NA,NA,0.01,0.01,0.01,0.155505874956196,46.633269028230146,28.523300874978304,0.3010299956639812,0.3010299956639812,0.5376685368911398,0.636193470790125,44.106938,0.6574366599649243
2016,8,-76.1,33.3,2.814564,3.156287,0.923549,0.006309157,0.007075168,0.002070238,NA,NA,NA,0.01,0.01,0.01,0.06223128143359314,44.692899378863245,29.320810563862324,0.3010299956639812,0.3010299956639812,-0.049765358094699105,0.48395118607128923,6.894399999999999,0.4082391506149919
2016,8,-75.9,36.9,62.82907666666667,34.912128333333335,36.052951666666665,0.021231929666666666,0.010977271666666667,0.012481781333333334,NA,NA,NA,NA,NA,NA,NA,NA,NA,NA,NA,0.25518435205804074,0.24121985105138968,133.79415666666668,0.4695950722511623
2016,8,-75.8,34,4.260623,2.185728,1.6998339999999998,0.008457207,0.004338604,0.003374118,NA,NA,NA,0.01,0.01,0.01,0.09632850861684844,46.34730579636314,29.149540688842535,0.3010299956639812,0.3010299956639812,0.28987699169849274,0.39906659574944,8.146185,0.5230206532260193
2016,8,-75.7,35,45.909812333333335,47.60140933333333,34.93621733333333,0.028140283333333335,0.03186886433333333,0.021236872666666667,NA,NA,NA,0.01,0.02766666666666666,0.01,0.4731520793654702,48.29261550036344,27.137516397982836,-0.14092684199243014,0.3010299956639812,-0.01571429355959947,0.11862963688637504,128.447439,0.35742100185690223
2016,8,-75.6,33.3,2.769701,1.841722,0.970776,0.007918141,0.005265194,0.002775296,NA,NA,NA,0.01,0.01,0.01,0.05280837484381416,45.02465837652033,28.86547440290451,0.3010299956639812,0.3010299956639812,0.17720881188846743,0.4553138568641175,5.582199,0.49616665403723514
2016,8,-75.6,36.3,77.70112566666667,150.90868866666668,35.609147,0.03763242233333333,0.08961524166666666,0.017576759666666667,NA,NA,NA,0.01,0.345,0.01,14.173331650820645,46.89105330814015,26.857966851443052,-1.236789099409293,0.3010299956639812,-0.2882869347558078,0.3388657400458126,264.21896133333337,0.29407853726531186
2016,8,-75.5,34.5,2.1646595,4.2745875,0.8239635000000001,0.003092202,0.0062602355,0.0011555565,NA,NA,NA,0.01,0.01,0.01,0.1051069748672572,47.11067498813976,28.969725631177425,0.3010299956639812,0.3010299956639812,-0.2955046197062104,0.41948161801612543,7.2632105,0.29803067114742166
2016,8,-75.5,37.7,97.29300566666667,48.553476333333336,85.27930166666665,0.03480124466666667,0.015583081333333334,0.030557324666666667,NA,NA,NA,NA,NA,NA,NA,NA,NA,NA,NA,0.30186129024454555,0.057237984876190105,231.12578366666668,0.4209526264148193
2016,8,-75.4,35.7,91.92618633333333,26.622522,45.92835066666667,0.03175184366666667,0.009273859333333334,0.013553319333333333,NA,NA,NA,NA,NA,NA,NA,NA,NA,NA,NA,0.5381900486749196,0.3013583935240439,164.477059,0.558899744999291
2016,8,-75.3,34,1.92344,2.52712,0.731723,0.005630836,0.007398098,0.002142106,NA,NA,NA,0.01,0.01,0.01,0.06154478188942779,45.81902183185924,29.255378879606724,0.3010299956639812,0.3010299956639812,-0.11854722140859332,0.4197319371454803,5.182283,0.3711568820151273
2016,8,-74.9,35,16.796612999999997,18.852266999999998,25.009711,0.032502055,0.03647982,0.048394697,NA,NA,NA,0.01,0.054,0.01,0.10759191858497533,47.72290279648521,29.104251220822334,-0.43136376415898725,0.3010299956639812,-0.05014186590763182,-0.17288695723569522,60.65859099999999,0.276904107449512
2016,8,-74.8,37.7,156.86467,29.850610333333332,111.04303533333334,0.04678189133333333,0.011164621,0.037096975,NA,NA,NA,0.01,0.06433333333333333,0.22666666666666663,0.7357760234312578,48.00381181456826,25.38465528935194,-0.50740605862413,-1.0543576623225925,0.7205719249435062,0.15003381559443033,297.75831566666665,0.5268187712869999
2016,8,-74.7,36.9,65.45002466666666,27.716112666666668,97.723727,0.024134222,0.013170591666666667,0.034156702,NA,NA,NA,0.01,0.08299999999999999,0.2,0.4764340709556233,48.84533461657438,25.61806084960699,-0.6180480967120927,-1,0.3731774964802835,-0.17409020723296226,190.88986433333332,0.34286799299295084
2016,8,-74.5,34.5,1.3900810000000001,5.100332,0.400749,0.003240757,0.011890633,9.34283e-4,NA,NA,NA,0.01,0.071,0.01,0.05587270906703039,45.523666403510354,28.761833544820547,-0.5502283530550941,0.3010299956639812,-0.5645583395722974,0.5401676600041051,6.8911620000000005,0.20171939072104242
2016,8,-74.4,35.7,36.871626,7.084205,25.166503,0.040897476,0.007857698,0.027914322,NA,NA,NA,0.01,0.01,0.01,0.17468586665662852,47.49362147938121,28.772616751492023,0.3010299956639812,0.3010299956639812,0.7164011698125807,0.16586941741101469,69.122334,0.5334256508178674
2016,8,-74.2,36.3,28.112278333333332,29.196257666666664,81.51073933333333,0.020565969333333333,0.020606333,0.05500895733333334,NA,NA,NA,0.01,0.04199999999999999,0.085,0.27823885360902006,48.35104489326477,27.48115481436253,-0.32221929473391914,-0.6283889300503115,-0.016431143764025796,-0.46231878834684037,138.81927533333334,0.20250990552882536
2016,8,-74,37.7,59.95142766666666,11.853620666666666,138.31285466666668,0.06245852733333333,0.012628009333333332,0.15288539133333334,NA,NA,NA,0.01,0.071,0.28,0.3248199298977852,48.113376985896714,25.54807173460722,-0.5502283530550941,-1.146128035678238,0.7039485046645102,-0.36306301517956197,210.117903,0.28532279644284597
2016,8,-73.9,35,16.647394,24.325223,22.810581,0.02607714,0.038103997,0.035731401,NA,NA,NA,0.01,0.014,0.01,0.05270625227554278,45.51420066573403,28.486678663641214,0.1549019599857432,0.3010299956639812,-0.16471057206405892,-0.13679008891129815,63.783198,0.26099967580803957
2016,8,-73.8,36.9,23.551784,8.478219000000001,30.12166266666667,0.024163501333333334,0.008675499,0.031354903,NA,NA,NA,0.01,0.0255,0.205,0.2561905174092813,48.43487713553689,26.5138401389122,-0.10551018476997392,-1.0107238653917732,0.4437191790464421,-0.10685513089812448,62.15166566666667,0.37894051184908706
2016,8,-73.7,36.3,8.266677999999999,8.395196,18.419425999999998,0.014959864,0.015192438,0.03333287,NA,NA,NA,0.01,0.02,0.01,0.15558612668378788,47.73674371025779,28.531235687434673,0,0.3010299956639812,-0.006699818419204558,-0.34794507075069997,35.0813,0.2356434339662441
2016,8,-73.4,35.7,26.013386,36.537504999999996,27.868819,0.049281443,0.069219017,0.052796496,NA,NA,NA,0.01,0.012,0.01,0.05719997005706483,45.81485418839888,28.66917935013771,0.2218487496163564,0.3010299956639812,-0.1475420025210859,-0.02992167968261019,90.41971,0.28769596805829173
2016,9,-167.1,64.7,8,67,6,NA,NA,NA,NA,NA,NA,0.08,0.33,0.01,3.279629425569014,14.95524753223766,8.82384717464447,-0.31439395722196267,1.2041199826559248,-0.9229848157088829,0.12493873660829993,81,0.09876543209876543
2016,9,-163.8,71.6,1,21,2,NA,NA,NA,NA,NA,NA,0.01,0.16999999999999998,0.08,0.5354799560525201,9.159753051671116,1.896389678120613,-0.9294189257142927,-0.6020599913279624,-1.3222192947339193,-0.3010299956639812,24,0.041666666666666664
2016,9,-162.4,72,2,15.5,0.5,NA,NA,NA,NA,NA,NA,0.06,0.29000000000000004,0.195,0.4372520345178517,8.7901848283681,1.657490786164999,-0.3832167518513313,-0.21085336531489324,-0.8893017025063104,0.6020599913279624,18,0.1111111111111111
2016,9,-162.4,72,2,15.5,0.5,NA,NA,NA,NA,NA,NA,0.04999999999999999,0.9233333333333332,0.72,0.4372520345178517,8.7901848283681,1.657490786164999,-0.9653585143447861,-0.8573324964312685,-0.8893017025063104,0.6020599913279624,18,0.1111111111111111
2016,9,-161.9,71,5,10,1,NA,NA,NA,NA,NA,NA,0.065,0.315,0.495,0.8489830236543309,9.260298444466155,3.1109042800962925,-0.3843672014827637,-0.5806618466267319,-0.3010299956639812,0.6989700043360189,16,0.3125
2016,9,-161.9,71,5,10,1,NA,NA,NA,NA,NA,NA,0.01,0.5,0.01,0.8489830236543309,9.260298444466155,3.1109042800962925,-1.3979400086720375,0.3010299956639812,-0.3010299956639812,0.6989700043360189,16,0.3125
2016,9,-161.3,71.9,1,24,1,NA,NA,NA,NA,NA,NA,0.01,0.665,0.015,0.42837719348343933,8.98599159032449,1.5942564345896244,-1.5217916496391235,0.1249387366083,-1.3802112417116061,0,26,0.038461538461538464
2016,9,-160.6,71.2,1.5,4,0,NA,NA,NA,NA,NA,NA,0.07,0.185,0.2,0.736705556511879,9.594438468708711,1.8692892417311668,-0.12104369272477575,-0.15490195998574313,-0.42596873227228116,Inf,5.5,0.2727272727272727
2016,9,-160.6,71.2,1.5,4,0,NA,NA,NA,NA,NA,NA,0.065,0.9125,1.5175,0.736705556511879,9.594438468708711,1.8692892417311668,-0.8462895208216755,-1.0671853474404585,-0.42596873227228116,Inf,5.5,0.2727272727272727
2016,9,-160.6,71.2,1.5,4,0,NA,NA,NA,NA,NA,NA,0.01,1.59,2.28,0.736705556511879,9.594438468708711,1.8692892417311668,-1.9003671286564703,-2.0569048513364727,-0.42596873227228116,Inf,5.5,0.2727272727272727
2016,9,-159.9,71.7,2,3,0,NA,NA,NA,NA,NA,NA,0.055,0.01,0.01,0.6378910663453016,8.959405378363599,1.2862636372447014,1.0413926851582251,1.0413926851582251,-0.17609125905568127,Inf,5,0.4
2016,9,-158.8,72.2,0,0,0,NA,NA,NA,NA,NA,NA,0.07,0.28500000000000003,0.175,0.42527680505405774,8.467389337041162,1.068483553826809,-0.3087168243302722,-0.09691001300805634,NA,NA,0,NA
2016,9,-158.7,71.9,1,5,1,NA,NA,NA,NA,NA,NA,0.01,0.01,0.01,0.7091934809630568,8.802326806566931,1.2109439559280872,0.3010299956639812,0.3010299956639812,-0.6989700043360187,0,7,0.14285714285714285
2016,9,-152,71.4,8,6,1,NA,NA,NA,NA,NA,NA,0.0925,0.05,0.01,1.458198995752768,9.291520573372065,2.654652563855052,0.568201724066995,1.2671717284030137,0.12493873660829993,0.9030899869919435,15,0.5333333333333333
2016,9,-152,71.5,1,10,1,NA,NA,NA,NA,NA,NA,0.01,0.09,0.01,0.9764800329100002,9.14435394697411,2.2594378665089607,-0.6532125137753436,0.3010299956639812,-1,0,12,0.08333333333333333
2017,7,-161,70.7,3,23,3,NA,NA,NA,NA,NA,NA,0.01,0.56,0.01,1.1852879172021693,34.17652141864483,3.7355571314692497,-1.4471580313422192,0.3010299956639812,-0.8846065812979305,0,29,0.10344827586206896
2017,7,-159.9,71,3,14,2,NA,NA,NA,NA,NA,NA,0.01,0.41,0.01,0.9202800338918512,34.16986962159475,0.3234657011926174,-1.3117538610557542,0.3010299956639812,-0.6690067809585756,0.17609125905568124,19,0.15789473684210525
2017,7,-156.8,71.3,3,51,12,NA,NA,NA,NA,NA,NA,NA,NA,NA,NA,NA,NA,NA,NA,-1.2304489213782739,-0.6020599913279624,66,0.045454545454545456
2017,7,-151.2,70.8,1,7,1,NA,NA,NA,NA,NA,NA,0.01,0.22,0.01,6.017288598147306,31.986235285914223,1.499649055302143,-1.041392685158225,0.3010299956639812,-0.8450980400142568,0,9,0.1111111111111111
2017,7,19,-36.4,0.460559590416667,NA,0.286374260166667,NA,NA,NA,NA,NA,NA,0.36,0.104438735,2.52742998,0.35086062211881985,18.92017395929857,17.824610128998756,0.8384708935814603,-0.5453466362903858,NA,0.20635185000071357,NA,NA
2017,7,21.2,-42,0.16422476458333302,NA,0.0566518925833333,NA,NA,NA,NA,NA,NA,0.093418259,0.072344323,3.502448368,0.18502862751483917,12.034045658328315,12.806512657552958,0.41205730805483853,-1.272909976858684,NA,0.46222422495640914,NA,NA
2017,7,21.7,-44.4,0.127480937916667,NA,0.43103629625,NA,NA,NA,NA,NA,NA,0.07,0.04441099,12.96030678,0.1699929196726192,9.656227426095445,9.60463272035122,0.4986375811997917,-1.9664872460480252,NA,-0.5290685922602291,NA,NA
2017,7,30,-58.5,0.022964866875,0.12601886225,0.154941433708333,NA,NA,NA,NA,NA,NA,0.21,0.634282413,28.75789907,NA,2.0900254015895454,-0.5277565643191338,-0.17903337931117874,-1.8355078647610008,-0.7393716221077606,-0.8291036380746817,0.303925162833333,0.07556092644949412
2017,7,30,-53.5,0.0883677989166667,0.182678746708333,0.0810751798333333,NA,NA,NA,NA,NA,NA,0.24,0.356511691,24.81782007,NA,3.838374891064384,1.1477096043527126,0.1291674612422972,-1.7135223942130753,-0.31539398577873223,0.037406116974580184,0.352121725458333,0.2509580992244779
2017,7,30,-48,0.27149012275,0.535773893333333,0.24441703745833301,NA,NA,NA,NA,NA,NA,0.26,0.247455494,19.2055,0.13958178494464268,6.859585274349559,6.0259102284908295,0.3225062431865683,-1.5674222745268644,-0.2952275140344309,0.04562255809850025,1.051681053541666,0.25814872468770206
2017,7,30,-43,0.449971297083333,0.418745844583333,0.5312698975,NA,NA,NA,NA,NA,NA,0.15,0.01,7.675772164,0.17223748327656227,11.216511623425918,10.976134534925222,1.4771212547196624,-1.4080008205951948,0.03123430138702599,-0.0721303971303492,1.399987039166666,0.32141104488451244
2017,8,-163.4,71.5,2,3,4,NA,NA,NA,NA,NA,NA,0.1875,0.545,0.35024999999999995,0.4848907413807782,20.12710410150988,1.7060762532055378,-0.1623652345489236,0.029653123769906677,-0.17609125905568127,-0.3010299956639812,9,0.2222222222222222
2017,8,-163.4,72,7,29,4,NA,NA,NA,NA,NA,NA,0.15,0.576,0.18319999999999995,0.5380694100802595,19.71887607135992,1.6518753804266453,-0.28330122870354957,0.21419578538783096,-0.6172999578846993,0.24303804868629444,40,0.175
2017,8,-159.9,71,4,9,2,NA,NA,NA,NA,NA,NA,0.1,0.26,0.01,0.905914931134744,20.658181618671023,2.381511904299259,-0.11394335230683675,1.3010299956639813,-0.35218251811136253,0.3010299956639812,15,0.26666666666666666
2017,8,-159.9,71,4,9,2,NA,NA,NA,NA,NA,NA,0.15000000000000002,0.29,0.01,0.905914931134744,20.658181618671023,2.381511904299259,0.014723256820706472,1.4771212547196624,-0.35218251811136253,0.3010299956639812,15,0.26666666666666666
2017,8,-159.9,71,4,9,2,NA,NA,NA,NA,NA,NA,0.2,0.8200000000000001,0.6936666666666667,0.905914931134744,20.658181618671023,2.381511904299259,-0.3117538610557543,-0.23909083416400206,-0.35218251811136253,0.3010299956639812,15,0.26666666666666666
2017,8,-159.2,72.6,0,2,2,NA,NA,NA,NA,NA,NA,0.07500000000000001,0.24,0.01,0.4870974976908077,19.553625643253326,0.5700145661830902,-0.2041199826559247,1.1760912590556813,-Inf,-Inf,4,0
2017,8,-157.8,71.6,0,5,7,NA,NA,NA,NA,NA,NA,0.01,0.31,0.01,0.7331517514857379,19.629430375009218,1.8150883689522743,-1.1903316981702914,0.3010299956639812,-Inf,-Inf,12,0
2017,8,-157.8,71.6,0,5,7,NA,NA,NA,NA,NA,NA,0.01,0.06,0.01,0.7331517514857379,19.629430375009218,1.8150883689522743,-0.4771212547196624,0.3010299956639812,-Inf,-Inf,12,0
2017,8,-157.2,71.2,3,7,1,NA,NA,NA,NA,NA,NA,NA,NA,NA,NA,NA,NA,NA,NA,-0.36797678529459443,0.47712125471966244,11,0.2727272727272727
2017,8,-155.5,71.2,6,49,28,NA,NA,NA,NA,NA,NA,NA,NA,NA,NA,NA,NA,NA,NA,-0.91204482964487,-0.6690067809585756,83,0.07228915662650602
2019,9,-0,-54,0.8624924901037251,3.98190865210818,7.38800922269004,NA,NA,NA,NA,NA,NA,0.12043675253258586,0.09939994272612558,NA,0.14096370813521472,15.66792071171296,-1.224372060969472,0.38440289814862405,NA,-0.6643359705011357,-0.9327721066403185,12.232410364901945,0.0705087929831431
2019,10,-0,-52.7,0.6413319991037559,5.12227076342905,5.80866439531253,NA,NA,NA,NA,NA,NA,0.04799794661190966,0.2308012074978438,NA,0.1528999995101582,24.333885488375813,-0.4150822274386883,-0.3809854226227147,NA,-0.9023796220870073,-0.9569933756816987,11.572267157845335,0.05541973671675645
2019,12,2.4,-49.3,0.736218299953572,1.84940427090141,4.9259627626785,NA,NA,NA,NA,NA,NA,NA,NA,NA,NA,NA,NA,NA,NA,-0.4000252478569118,-0.8254845161397146,7.511585333533482,0.09801104124676858
2020,1,8.5,-43,1.33239459099958,2.30600966668921,4.83125044738531,NA,NA,NA,NA,NA,NA,0.10752744283131745,0.01,NA,0.18659467758102852,46.14810115640814,10.435407638549805,1.3325493133966004,NA,-0.23822826254836374,-0.559426690521963,8.469654705074099,0.15731392097972466
2022,8,-168.7,66.5,3.42,3.37,38.32,NA,NA,NA,NA,NA,NA,1.6643,0.1357,0.1357,2.773623837666078,24.896233894608237,7.590085566043854,1.3896817611856558,1.3896817611856558,0.006396205184796387,-1.0493993943503719,45.11,0.07581467523830636
2022,8,-168.7,70.7,1.55,5.989999999999999,32.36,NA,NA,NA,NA,NA,NA,1.1714,0.01,0.2472,0.4476609589024024,20.50023651123047,5.284188374876976,2.3697352153559224,0.9766867489391442,-0.5870951242190199,-1.3196768147699431,39.9,0.03884711779448622
2022,8,-168.3,65.6,8.97,2.97,3.4,NA,NA,NA,NA,NA,NA,NA,NA,NA,NA,NA,NA,NA,NA,0.4800359937268798,0.421313526001837,15.340000000000002,0.5847457627118644
2022,8,-168.2,68.7,8.45,2.77,36.74,NA,NA,NA,NA,NA,NA,1.6,0.2714,0.1,1.3471250859173862,23.06661447611722,6.836725987493992,1.0715401349961877,1.505149978319906,0.4843769398852438,-0.6382824430200973,47.96,0.17618849040867388
2022,8,-167.1,68.2,1.4400000000000002,0.98,23.52,NA,NA,NA,NA,NA,NA,1.0286,0.01,0.01,1.747730696743185,24.969381494955584,8.42686240375042,2.3132765156490525,2.3132765156490525,0.1671364164027549,-1.2130748253088512,25.939999999999998,0.05551272166538166
2022,8,-164.4,71.7,7.6,1.31,92.11,NA,NA,NA,NA,NA,NA,2.3071,0.25,0.0643,0.4374099570241841,20.113759446418147,2.9902951307594776,1.2661564061801216,1.8558854419279371,0.763542296625027,-1.0834931900231453,101.02,0.07523262720253415
2022,8,-163,70,9.67,0.7200000000000001,6.87,NA,NA,NA,NA,NA,NA,NA,NA,NA,NA,NA,NA,NA,NA,1.1280939776517331,0.14846973702345123,17.26,0.5602549246813441
2022,8,-158.5,71.7,3.26,0.16,34.24,NA,NA,NA,NA,NA,NA,2.2929,0.1143,0.01,0.5869887268001382,19.43774999716343,1.2196112126111984,1.6033688795733358,2.6614151099686176,1.3090976174120141,-1.0213161559371766,37.660000000000004,0.08656399362719064
2022,8,-154.9,71.8,8.540000000000001,0.38,55.27,NA,NA,NA,NA,NA,NA,2.7714,0.2429,0.01,1.610397677529942,19.218369007110596,2.8115787394344807,1.358301693489041,2.7437292082941713,1.351674274072195,-0.81103159389277,64.19,0.13304252998909488
2022,8,-153.6,72,13.48,0.43,53.379999999999995,NA,NA,NA,NA,NA,NA,2.9286,0.4429,0.01,0.8501635356382891,20.189236351206333,1.9991760179400444,1.1213843734193873,2.767690053704146,1.4962214366197146,-0.5976886772521878,67.28999999999999,0.20032694308218163
2022,9,-168.9,68.1,8.71,0.35,11.270000000000001,NA,NA,NA,NA,NA,NA,1.3857,0.3586,0.0529,2.7739603952928023,12.344440682367845,5.139652714133263,0.8880889274040263,1.7192435405950046,1.3959501106573877,-0.11190576103844337,20.330000000000002,0.42843089030988685
2022,9,-168.9,70.2,1.64,1.73,26.78,NA,NA,NA,NA,NA,NA,1.5571,0.05,0.0929,0.8580999780784954,10.081008732318878,4.530625339597464,1.7943764960306996,1.5253307863730765,-0.023202255081097543,-1.2129667246282922,30.150000000000002,0.05439469320066334
2022,9,-167.6,66.5,30.3,4.39,40.4,NA,NA,NA,NA,NA,NA,6.65,2.4357,2.6786,2.7824292182922363,13.067014455795288,7.701498471200466,0.7372278448420079,0.6959437764678377,0.8389781082601837,-0.12493873660829995,75.09,0.40351578106272473
