month,lat01,lon01,salinity,mld,temperature
1,-76.58,-178.25,33.77483367919922,15.157526969909668,-0.22818687558174133
1,-76.58,-178.08,33.77203623453776,15.259255409240724,-0.24527724335590995
1,-76.58,168.92,33.892075856526695,11.317281246185305,0.7263100246588389
1,-76.58,175.92,34.05382410685221,15.818761825561523,0.5523545344670614
1,-76.58,176.08,34.05407842000326,15.79332939783732,0.5507675508658091
1,-76.58,176.92,34.06933848063151,16.93777338663737,0.475447878241539
1,-74.08,176.92,33.88266626993815,15.79332939783732,-0.05923640727996826
1,-69.42,-76.42,32.732627868652344,11.749627113342283,-0.8850672841072083
1,-68.92,-77.25,33.160648345947266,13.046663761138916,-0.22513502836227417
1,-68.42,-78.42,33.48796081542969,15.259255409240724,0.8281197845935822
1,-68.42,-75.25,33.10037612915039,13.122960090637209,-0.31412699818611145
1,-67.92,-76.42,33.38801193237305,14.496293067932127,0.6204718351364136
1,-67.92,-73.42,33.1881160736084,13.580737113952637,0.08578754961490631
1,-67.92,-70.08,32.24890899658203,11.062960147857666,0.3183385878801346
1,-67.58,-71.08,33.111820220947266,13.47900899251302,0.31223488847414654
1,-67.42,-74.58,33.38877487182617,14.801477432250977,0.5757927596569061
1,-67.25,-71.58,33.35329818725586,15.03036642074585,0.6787011474370956
1,-67.08,-69.08,32.52789878845215,10.986663818359377,0.8089541494846344
1,-66.75,-72.92,33.533355712890625,16.55629253387451,1.1877498924732208
1,-66.58,-69.58,33.435062408447266,17.853328704833984,0.8802453875541687
1,-66.08,-68.42,33.23567454020182,14.114811420440674,0.8627888063589731
1,-65.92,-71.58,33.5840950012207,17.395551681518555,1.3668324947357178
1,-65.58,-66.42,32.84096908569336,14.394564310709637,1.147587517897288
1,-65.42,-69.92,33.59859085083008,17.395551681518555,1.339365839958191
1,-65.42,-66.92,33.23694610595703,15.945922374725342,1.0899685621261597
1,-65.42,52.92,33.745079040527344,18.99777317047119,-0.6792504489421844
1,-65.42,53.08,33.746604919433594,18.768884658813477,-0.6891384422779083
1,-65.08,-67.08,33.442436854044594,18.133081754048664,1.269173284371694
1,-65.08,-64.75,32.4994150797526,10.579750061035156,1.7257301807403564
1,-65.08,-64.58,32.41472625732422,10.528885841369627,1.782250463962555
1,-64.92,52.92,33.72600555419922,19.150365829467773,-0.19547103345394137
1,-64.75,-68.42,33.61575698852539,18.692587852478027,1.41279336810112
1,-64.08,-64.08,33.07939434051514,11.253700494766235,1.8390759229660032
1,-63.58,53.58,33.775596618652344,23.117772102355957,0.4772789850831032
1,-62.25,53.92,33.775596618652344,25.10147476196289,0.7112949192523956
1,-60.25,54.58,33.702354431152344,29.52665901184082,1.0332041382789612
1,-58.42,55.08,33.75143686930338,36.26616287231445,1.332651754220327
1,-56.42,55.58,33.828243255615234,44.836778004964195,2.1158788204193115
1,-54.08,56.42,33.816036224365234,49.17295169830322,3.0750755071640015
1,-50.92,57.42,33.757286071777344,43.743199030558266,4.437604983647664
1,-48.75,57.75,33.72600555419922,36.39332389831543,5.888210773468018
1,-48.08,57.58,33.711891174316406,35.744805335998535,6.5030975341796875
1,-45.08,57.58,34.03614807128906,26.70369672775269,11.190374374389648
1,-43.08,8.42,34.265419006347656,26.245919227600098,10.435407638549805
1,-42.25,57.58,35.265663146972656,31.128880500793457,16.46433925628662
1,-40.42,57.58,35.51184590657552,22.609129905700684,17.60597515106201
1,-38.42,57.58,35.51489766438802,16.505428314208984,18.506881713867188
1,-36.42,57.42,35.49684143066406,13.555305004119871,19.6040833791097
1,-35.08,57.25,35.51133728027344,13.275551795959473,20.48765516281128
1,-32.25,57.08,35.58534622192383,14.343700408935549,22.522019386291504
1,-30.42,55.08,35.55711364746094,15.335551738739014,23.96456813812256
1,-23.08,-120.08,36.45614115397135,22.609129905700684,26.03103733062744
1,-23.08,-100.08,36.04515584309896,19.913328170776367,23.452467282613117
1,27.92,-155.08,35.3656120300293,77.66960906982422,21.375255584716797
1,33.42,-118.58,33.43531608581543,24.64369773864746,14.815423965454102
1,45.25,-1.58,33.90148735046387,14.725181102752686,11.403149127960203
1,45.42,-2.08,35.28817176818848,64.16516780853271,12.602160692214966
1,45.42,-1.92,35.086748123168945,47.07480239868164,12.31431007385254
1,45.42,-1.75,34.655293464660645,23.995179176330566,11.817163705825806
1,45.42,-1.58,33.794671058654785,13.428144931793211,11.190923690795898
1,45.42,-1.42,32.42744255065918,10.567034482955933,10.448591709136965
1,45.58,-2.58,35.50345357259115,95.21775436401369,12.893673419952393
1,45.58,-1.92,34.99150594075521,41.22542190551758,11.987762133280436
1,45.58,-1.58,33.74660428365072,14.063947200775146,10.865413506825766
1,45.75,-2.25,35.27710723876953,61.342206954956055,12.324930667877195
1,45.75,-1.75,34.278390884399414,18.46369886398315,11.070253372192385
1,45.92,-2.42,35.23514461517334,59.73998546600342,12.154820442199709
1,45.92,-2.08,34.919278144836426,38.949249267578125,11.654927253723145
1,45.92,-1.92,34.55496406555176,25.330363750457764,11.223334550857544
1,46.08,-2.92,35.43453280131022,90.233062744140625,12.539536635080973
1,46.08,-2.58,35.17894045511881,53.178504943847656,11.96395762761434
1,46.08,-1.92,34.10952123006185,17.904193083445232,10.57548729578654
1,46.25,-2.42,34.84603309631348,34.94369602203369,11.289254665374756
1,46.25,-2.08,34.15097427368164,18.99777317047119,10.48100233078003
1,74.42,164.58,28.850672721862793,17.649872461954754,-1.555742045243581
1,77.42,165.25,31.08335558573405,23.880734125773113,-1.6740317344665527
1,77.42,165.42,31.090476671854656,23.93159834543864,-1.6745200554529829
2,-76.58,-178.42,33.69565624660916,18.70106527540419,-0.9621773759524028
2,-76.58,-178.08,33.67615763346354,18.03135363260905,-0.97759939233462
2,-76.42,163.25,32.85012435913086,11.597034454345703,-0.9202245771884918
2,-76.08,163.08,32.73440742492676,12.410861015319824,-1.0476698875427246
2,-66.25,-168.92,33.73821258544922,25.940734545389812,0.16318248957395554
2,-64.92,-169.42,33.6756477355957,30.976287841796875,1.0255135297775269
2,-63.25,-170.08,33.69396209716797,35.7829532623291,1.8454847931861875
2,-60.42,-170.25,33.85926946004232,43.53974151611328,4.147190888722737
2,-58.58,-170.08,33.941162109375,43.679619789123535,5.599444508552551
2,-57.08,-170.42,33.9991455078125,41.60690434773763,6.5780510902404785
2,-53.08,-174.92,34.32823816935221,38.98739814758301,10.4003111521403
2,-2.08,-140.25,35.132399241129555,19.32839075724284,26.413739522298176
2,-1.25,-140.58,35.10353469848633,16.365551471710205,26.065767288208008
2,-1.08,-140.42,35.09450658162435,15.462712287902832,25.98281764984131
2,-1.08,-140.08,35.093997955322266,15.259255409240724,25.97750759124756
2,-0.08,-140.58,35.00396728515625,12.970367431640623,25.726097106933594
2,-0.08,-140.42,35.002950032552086,12.970367431640623,25.70985984802246
2,-0.08,-140.25,35.00244140625,12.970367431640623,25.69789695739746
2,0.92,-140.42,34.84145736694336,14.581066555447048,25.996897379557293
2,1.08,-140.42,34.817551930745445,15.004934310913086,26.085116068522137
2,1.08,-140.08,34.81704330444336,14.648885726928713,26.05642890930176
2,1.25,-140.42,34.80127207438151,15.360983848571776,26.151402473449707
2,1.75,-140.08,34.745704650878906,16.098514556884766,26.379985809326172
2,1.92,-140.08,34.731590270996094,16.441848278045654,26.45634365081787
2,2.92,-140.08,34.67741775512695,17.929625511169434,26.74089813232422
2,4.92,-140.08,34.699546813964844,25.91530195871989,26.957823435465496
2,6.92,-140.08,34.61816279093424,36.3170280456543,27.02349853515625
2,9.08,-140.25,34.30839920043945,33.67208989461263,26.372234344482425
2,11.92,-140.08,34.09299087524414,38.03369426727295,25.26502227783203
2,27.92,-155.08,35.299232482910156,69.04813130696614,20.522690455118816
2,27.92,154.92,34.954630533854164,79.37356058756511,20.49424743652344
2,33.42,-118.58,33.42806625366211,21.7825870513916,14.766716480255129
2,44.92,-2.08,35.24620723724365,55.35295009613037,12.150059461593628
2,44.92,-1.92,34.95437526702881,30.861844539642338,11.760582208633425
2,44.92,-1.58,33.16446399688721,12.131108045578005,10.605883836746216
2,45.08,-2.42,35.51184590657552,95.01429748535156,12.422223567962646
2,45.08,-2.08,35.30686378479004,53.40739440917969,12.056978066762287
2,45.08,-1.58,33.34986368815104,12.843206564585367,10.496749560038248
2,45.25,-1.92,34.88875961303711,30.671103477478027,11.401318550109863
2,45.25,-1.58,33.61003303527832,13.27555227279663,10.419110774993896
2,45.42,-2.08,35.21797752380371,49.13480186462402,11.676717519760132
2,45.42,-1.92,34.90440082550049,31.77739906311035,11.287423133850098
2,45.42,-1.75,34.44662380218506,18.807032346725464,10.793023347854614
2,45.42,-1.58,33.627201080322266,12.93221879005432,10.228492021560667
2,45.42,-1.42,32.21266794204712,10.528886318206789,9.658284425735474
2,45.58,-2.25,35.328989028930664,59.943442026774086,11.633869330088295
2,45.58,-2.08,35.123753229777016,43.234557469685875,11.327585697174072
2,45.58,-1.58,33.61003430684408,13.097527503967283,9.95596186319987
2,45.75,-1.75,34.12961196899414,15.564440250396729,10.13125991821289
2,48.42,-126.92,32.217628479003906,39.635915756225586,8.666921138763428
2,48.92,-130.92,32.35343551635742,56.07776355743408,8.007721304893494
2,49.08,-138.92,32.447450425889755,62.986815982394745,7.11570586098565
2,49.42,-138.92,32.438123067220054,64.82640202840169,7.014587879180908
2,49.58,-142.58,32.51976013183594,68.9972661336263,6.429364919662476
2,49.92,-145.08,32.55256652832031,70.95553970336914,6.123874664306641
2,49.92,-134.92,32.3587760925293,58.74813461303711,7.2628253698349
3,-71.42,-166.08,33.809165954589844,30.976287841796875,-1.4285408854484558
3,-70.58,-166.08,33.83383814493815,32.04443677266439,-1.2716757655143738
3,-69.42,-168.58,33.84884262084961,33.11258316040039,-1.0978423357009888
3,-67.58,-170.08,33.90504582722982,38.32616233825683,-0.5752433637777964
3,-66.25,-169.92,33.849605560302734,38.42789204915365,-0.17447430143753687
3,-64.92,-169.42,33.747876485188804,39.36887741088867,0.7667165199915568
3,-63.25,-170.08,33.75347137451172,48.75332069396973,1.7077853083610537
3,-61.92,-170.25,33.77483367919922,53.30566660563151,2.3468429247538247
3,-57.58,-0.08,33.999908447265625,48.18109893798828,0.7107456028461456
3,-55.58,-0.08,33.77483367919922,47.76146984100342,0.9692984074354172
3,-54.42,-173.42,34.19819429185655,55.0859120686849,8.849726888868544
3,-51.92,-0.08,33.75016530354818,62.56294759114584,3.2125919659932456
3,-50.42,1.08,33.764661153157554,58.13776397705078,4.400616407394409
3,-49.08,2.58,33.763771057128906,59.816280364990234,5.553849935531616
3,-47.58,4.25,33.80687713623047,55.96331977844238,7.143070936203003
3,-46.08,5.75,33.822139739990234,49.97406196594238,7.468276023864746
3,-45.08,6.42,33.869441986083984,44.0992488861084,8.207495212554932
3,-44.92,6.58,33.918015797932945,44.70961825052897,8.579210917154947
3,-42.58,8.75,34.294410705566406,36.96554660797119,11.326242923736572
3,-41.25,9.75,34.63164138793945,32.19702911376953,13.78908634185791
3,-36.58,12.92,35.54414367675781,32.273324966430664,19.76894474029541
3,-34.58,14.25,35.60556411743164,30.442214965820312,20.8007755279541
3,-26.58,94.92,35.62527338663737,30.56937535603841,23.482863744099937
3,-24.92,94.92,35.46632385253906,30.747400283813477,24.022430419921875
3,-22.58,94.92,35.17588678995768,29.65381971995036,24.87633895874023
3,-20.92,94.92,35.033721923828125,32.3496208190918,25.371227264404297
3,-17.58,94.92,34.72599538167318,28.356782913208008,26.82952372233073
3,-12.42,-134.92,35.77939097086588,27.008882522583008,28.452253341674805
3,-12.25,-135.08,35.76464080810547,27.08517837524414,28.47276210784912
3,-12.25,-134.92,35.763877868652344,26.85628890991211,28.454450607299805
3,-12.25,-134.58,35.76921844482422,27.161474227905273,28.420392990112305
3,-12.08,-135.08,35.75395965576172,27.314067363739017,28.47001552581787
3,-9.08,-137.42,35.48870340983073,25.02517890930176,28.358745574951172
3,-7.08,-80.92,34.61689122517904,10.528885841369627,23.86971664428711
3,-5.25,-140.25,35.141300201416016,18.23480987548828,27.801843643188477
3,-5.25,-140.08,35.13901138305664,18.082218170166016,27.798913955688477
3,-5.08,-140.08,35.12248102823893,17.70073636372884,27.756309509277344
3,-3.42,-80.92,33.571123123168945,10.528885841369627,25.743797302246097
3,-3.08,-140.08,35.09895706176758,15.717033386230469,27.42078971862793
3,-3.08,-80.92,33.38610553741455,10.528885841369627,26.055879592895508
3,-2.92,-80.92,33.08155504862467,10.528885841369627,26.327066739400227
3,-2.58,-81.25,33.11525344848633,10.528885841369627,26.266456604003903
3,-2.42,-81.42,33.26466687520345,10.528885841369627,26.22574520111084
3,-2.08,-140.92,35.109511057535805,15.581395467122396,27.087425231933594
3,-2.08,-140.58,35.10569636027018,15.284687519073486,27.06891123453776
3,-0.58,-80.92,33.10749626159668,10.528885841369627,26.702444712320965
3,-0.42,-80.75,32.93252372741699,10.528885841369627,26.801690578460693
3,-0.08,-80.75,33.11983013153076,10.528885841369627,26.778801918029785
3,0.08,-80.75,33.16408348083496,10.528885841369627,26.74913787841797
3,0.58,-80.42,32.69142723083496,10.528885841369627,26.837702751159668
3,1.42,-79.58,31.76442750295003,10.528885841369627,26.967955589294434
3,1.58,-79.42,31.353190422058105,10.528885841369627,26.971983909606937
3,1.92,-79.25,30.71573495864868,10.528885841369627,26.930051803588867
3,2.42,-79.08,31.550797939300537,10.528885841369627,26.91631841659546
3,2.92,-78.75,31.917020797729492,10.528885841369627,26.952391147613525
3,3.08,-78.42,31.826990763346355,10.528885841369627,26.99786376953125
3,3.25,-78.42,32.05969429016113,10.528885841369627,26.952573776245117
3,3.58,-78.08,32.11233901977539,10.528885841369627,26.91290028889974
3,4.08,-77.92,31.501968383789062,10.528885841369627,26.776787757873535
3,4.25,-77.92,31.56071662902832,10.528885841369627,26.74108076095581
3,4.58,-78.08,32.712026596069336,10.528885841369627,26.75225067138672
3,5.58,-78.08,33.136234283447266,10.528885841369627,26.39664936065674
3,5.92,-78.42,33.24940745035807,10.528885841369627,26.433515548706055
3,6.92,-78.75,33.48897806803385,10.528885841369627,25.981963793436687
3,7.25,-78.92,33.6329231262207,10.528885841369627,25.665120124816895
3,7.58,-79.08,33.866390228271484,10.528885841369627,25.09289836883545
3,7.92,-79.08,34.08192729949951,10.643330335617064,24.609484672546387
3,9.92,64.75,35.260704040527344,16.289255619049072,28.47367763519287
3,14.42,64.75,36.508148193359375,16.327404022216797,27.324472427368164
3,14.58,64.08,36.50624084472656,16.27653916676839,27.131412823994953
3,15.08,63.42,36.53446960449219,15.79332971572876,26.79961554209391
3,15.25,68.58,36.000396728515625,16.1748104095459,27.85677719116211
3,15.92,61.92,36.36814498901367,15.10666275024414,26.446332931518555
3,18.08,67.42,36.25675201416016,16.55629253387451,26.958799362182617
3,19.08,66.92,36.3200798034668,17.395551681518555,26.65300464630127
3,19.08,67.08,36.301002502441406,17.395551681518555,26.66216087341309
3,28.42,-91.08,32.46228440602621,11.215552806854248,19.45942560831706
3,28.42,-90.92,32.36386171976725,11.240984916687012,19.540605227152508
3,28.42,-90.75,32.24229653676351,11.08839225769043,19.624103546142575
3,28.42,-90.58,32.232632319132485,11.08839225769043,19.736655553181965
3,28.58,-92.42,34.729299545288086,13.962218761444092,19.25312042236328
3,28.58,-92.25,34.39359664916992,13.122959613800049,19.25605010986328
3,28.58,-92.08,34.012115478515625,12.51258945465088,19.24359893798828
3,28.58,-91.92,33.59096145629883,12.054811477661133,19.222723960876465
3,28.58,-91.58,32.36106300354004,11.29184913635254,19.143253326416016
3,28.58,-91.42,31.495864868164062,11.062960147857666,19.117252349853516
3,28.58,-91.08,30.568864822387695,10.834071159362791,19.18280601501465
3,28.58,-90.92,30.444501876831055,10.910367488861084,19.24506378173828
3,28.58,-90.75,30.250709533691406,10.834071159362791,19.31318092346191
3,28.58,-90.58,30.05691719055176,10.681478500366213,19.393017768859863
3,28.75,-92.58,34.14563465118408,13.733330011367798,18.99786376953125
3,28.75,-92.42,33.82175636291504,12.894070863723757,19.017090797424316
3,28.75,-92.25,33.41853141784668,12.283700466156006,19.0035400390625
3,28.75,-92.08,32.978302001953125,11.864071130752563,18.985961437225345
3,28.75,-91.92,32.48886060714722,11.482589721679688,18.969298362731937
3,28.75,-90.58,28.341776847839355,10.528885841369627,19.15607118606567
3,28.75,-90.42,27.58301067352295,10.528885841369627,19.1749324798584
3,28.92,-93.08,33.69446881612142,14.419996420542398,18.338786125183105
3,28.92,-92.58,32.68252690633138,12.1056760152181,18.623828887939453
3,28.92,-92.42,32.04087448120117,10.910367647806805,18.648365656534832
3,28.92,-92.25,31.47806199391683,10.47802225748698,18.68059317270915
3,28.92,-92.08,30.88396867116292,9.765923579533895,18.73100980122884
3,28.92,-91.92,30.152541796366375,8.672343413035074,18.788506825764973
3,28.92,-91.58,28.297779083251953,7.248146375020345,18.895931879679363
3,28.92,-90.75,23.28333346048991,7.019257545471191,18.967955271402996
3,28.92,-90.58,23.843348185221355,7.426170984903972,18.995422045389812
3,28.92,-90.08,26.126641591389973,10.223700841267904,19.122257232666016
3,28.92,-89.92,26.606290499369305,10.503453890482584,19.151310602823894
3,28.92,-89.75,26.064332644144695,10.07110850016276,19.163029352823894
3,28.92,-89.58,25.32273292541504,8.087405395507812,19.24418487548828
3,29.08,-93.08,32.72270965576172,12.51258945465088,18.087801933288578
3,29.08,-92.92,32.592241287231445,12.436293125152588,18.23465633392334
3,29.08,-92.75,32.06427192687988,11.597033977508543,18.32804298400879
3,29.08,-92.58,31.089204788208008,9.689627170562744,18.439741134643555
3,29.08,-92.42,29.976805686950684,6.790368556976318,18.56352424621582
3,29.08,-89.92,24.401074409484863,8.392590522766113,19.154973030090332
3,33.42,-118.58,33.3742790222168,15.068514585494995,14.778801679611206
3,45.08,-1.58,33.021790186564125,11.08839225769043,11.054994583129885
3,45.25,-1.58,33.24762725830078,11.062960147857666,10.93218755722046
3,45.42,-1.92,34.66635608673096,15.6407368183136,11.42182683944702
3,45.42,-1.75,34.1483039855957,12.207404375076294,11.0925931930542
3,45.42,-1.58,33.317057609558105,11.177404642105104,10.780388832092283
3,45.58,-2.08,34.93377431233724,19.12493356068929,11.378002325693766
3,45.58,-1.92,34.57238451639811,14.801477909088137,11.107730388641356
3,45.75,-2.42,35.229042053222656,27.237771034240723,11.452955722808838
3,45.75,-2.08,34.7705020904541,16.93777370452881,11.07391595840454
3,45.75,-1.75,33.986175537109375,12.58888578414917,10.55937385559082
3,45.92,-2.42,35.00244140625,21.324809551239017,11.124454498291016
3,45.92,-1.92,34.24443817138672,13.924070596694946,10.588488340377808
3,45.92,-1.58,33.33956432342529,10.643330574035645,10.354289531707764
3,46.08,-2.42,34.665466944376625,16.836045106252033,10.701834042867024
3,46.08,-2.25,34.46022860209147,15.360984007517496,10.57646417617798
3,46.08,-1.92,33.92081514994303,12.690614064534506,10.37797180811564
3,46.25,-1.92,33.6207160949707,11.44444179534912,10.309976577758787
3,46.42,-2.42,34.16547107696533,13.351848363876345,10.372783660888672
3,48.42,-126.92,32.19893550872803,28.30591917037964,8.700613498687744
3,48.92,-130.92,32.4167594909668,51.23294925689697,7.835963010787964
3,49.08,-138.92,32.49220954047309,61.460890452067055,6.93869850370619
3,49.42,-138.92,32.48822530110677,62.18146642049154,6.844294627507527
3,49.58,-0.42,34.65376726786295,21.312093416849773,8.245704650878906
3,49.92,-145.08,32.599491119384766,65.84368705749512,5.789696931838989
3,49.92,-134.92,32.39692306518555,56.03961658477783,7.024048566818237
3,57.92,-147.92,32.4076042175293,47.32912381490072,4.673207839330037
3,58.08,-148.08,32.40226364135742,46.10838317871094,4.717764854431152
3,58.25,-148.25,32.39081954956055,44.709617614746094,4.768303394317627
3,58.42,-148.42,32.34606043497721,43.53974215189616,4.90807827313741
3,58.58,-148.58,32.264930725097656,45.14196459452311,5.017944812774658
3,58.92,-148.92,32.149977366129555,54.678998947143555,5.029908259709676
3,58.92,-148.75,32.16879653930664,53.71257972717285,5.068239450454712
3,58.92,-148.08,32.25310516357422,44.0992488861084,5.100466847419739
3,59.08,-149.08,32.044434229532875,65.02986081441243,4.840571403503418
3,59.08,-148.92,32.061728159586586,64.03800879584418,4.935789108276367
3,59.08,-148.08,32.15328470865885,52.898752212524414,5.100222826004028
3,59.25,-149.25,31.98797607421875,67.1407241821289,4.703115940093994
3,59.25,-148.08,32.06579780578613,60.57924461364746,5.0338146686553955
3,59.42,-149.42,31.915494283040363,67.42047691345215,4.587755918502808
3,59.42,-149.25,31.9833984375,67.75109481811523,4.715201377868652
3,59.42,-148.92,32.02892049153646,62.46121915181478,4.811883926391602
3,59.42,-148.08,31.96623134613037,66.68294715881348,4.870113372802734
3,59.58,-149.42,31.80622100830078,61.41002655029297,4.426984469095866
3,59.58,-148.92,31.932533688015408,62.68163172403971,4.70368570751614
3,59.58,-148.08,31.769005457560223,38.55505212148031,4.419904152552287
4,-76.58,-178.08,34.1881058877334,75.27899364630382,-1.77779471129179
4,-76.58,168.92,34.3412070767954,57.73084985713164,-1.7264015413820744
4,-76.58,175.75,34.2839848715812,85.14664551615715,-1.7255470231175425
4,-74.08,175.58,34.236681181937456,61.61348263753785,-1.7902462631464005
4,-74.08,175.75,34.234137972816825,60.98615769048532,-1.787560634315014
4,-74.08,176.08,34.23379887826741,58.290355890989304,-1.7788526862859726
4,-47.08,-50.42,34.63393044658005,48.62616076072057,13.563371691852808
4,-41.58,9.58,34.4701477792114,41.581471152603626,12.561143841594458
4,-40.08,10.58,34.86434519290924,41.5051748752594,15.087466053664684
4,-31.42,43.92,35.567796835675836,32.73110298067331,23.32697530835867
4,-15.42,94.92,34.47489510290325,27.38188620242808,27.517451494932175
4,-13.75,94.92,34.26719969138503,21.769871135552723,28.007782213389874
4,-11.58,94.92,34.17666144669056,18.565427487095196,28.551377903670073
4,-10.42,94.92,34.08069768920541,15.971354057391483,28.79947303980589
4,-8.42,94.92,34.06238658353686,15.1914365556505,29.228034295141697
4,-6.75,94.92,34.1163873905316,15.055798729260763,29.411145351827145
4,-4.58,94.75,34.12961207795888,15.310119653741518,29.623187955468893
4,-3.25,94.25,34.15250096004456,15.869625687599182,29.721945852041245
4,-2.42,93.92,34.14563429541886,16.479995906352997,29.771833442151543
4,0.42,92.92,34.140547877177596,20.956044177214302,29.972807999700308
4,1.25,92.08,34.16699725203216,18.692587949335575,29.975005332380533
4,2.92,91.58,34.16928614024073,15.335551746189594,29.97061066702008
4,4.92,90.42,33.84316195733845,13.394235355986488,29.964466273784637
4,6.42,89.08,33.22906172834337,12.5125894844532,29.990997031331062
4,7.92,88.08,32.936338358558714,12.28370065242052,30.061067529022697
4,9.42,86.92,32.845037151128054,12.181972282628218,30.02261420711875
4,10.58,87.08,32.739239651709795,12.05481182038784,29.988799698650837
4,12.58,88.42,32.63971540145576,11.580079428023762,29.955595560371876
4,14.42,-109.42,33.79696032498032,20.59999488294125,27.626789141446352
4,14.42,89.42,32.410148391500115,11.673330433666706,29.71291237324476
4,15.42,-110.08,33.90962448902428,18.81974841157595,26.92217779532075
4,16.42,-107.25,34.132409607991576,15.081230821708838,26.6598406881094
4,16.58,60.42,36.422315100207925,12.665182039141657,28.30027160793543
4,16.92,89.58,32.636494003236294,12.665182039141657,29.15576646476984
4,17.08,59.58,36.36483857408166,12.970367148518562,28.099337741732597
4,17.42,-106.08,34.36604575254023,14.343700140714644,26.00861638784409
4,17.58,58.92,36.3238929072395,13.27555225789547,27.892666395753626
4,17.75,-103.92,34.33942683041096,11.139256492257118,26.613452553749084
4,17.92,-110.08,34.31348609738052,18.650201128588783,25.20903144031763
4,17.92,57.92,36.29998674150556,13.860490384201208,27.76448865607381
4,18.25,57.08,36.08864606358111,11.622466248770555,26.858821369707584
4,18.42,-110.08,34.38011817634106,18.446744389004177,24.863887444138527
4,18.42,-104.58,34.33756181038916,11.088392307360968,26.094068214297295
4,18.58,-104.25,34.29898980539292,10.83407138288021,25.983184296637777
4,19.58,-105.92,34.32569350115955,10.986663937568665,25.059938348829743
4,19.92,-106.25,34.410891006700695,11.062960214912891,24.965453043580055
4,19.92,-106.08,34.32535440661013,10.95275448097123,25.017619349062443
4,20.58,-106.25,34.34705645777285,10.83407138288021,24.968749042600393
4,20.92,-110.08,34.40944985486567,17.887238355146515,22.82818078994751
4,22.58,-110.92,34.04797506518662,16.022218242287636,20.773674733936787
4,27.42,-93.08,36.16850282996893,17.938102540042664,23.034160383045673
4,27.42,-92.08,36.2086855340749,18.78583895497852,23.36376028507948
4,27.58,-94.42,35.95538190566003,16.479995906352997,22.52494888007641
4,27.58,-94.08,36.01947077549994,16.63258846104145,22.60673848539591
4,27.58,-93.92,36.036255955696106,16.63258846104145,22.64433728903532
4,27.58,-93.58,36.072878167033195,16.683452645937603,22.70488601177931
4,27.58,-93.42,36.09271519817412,16.785181015729904,22.748344369232655
4,27.58,-93.25,36.11178926657885,17.014069847762585,22.784966580569744
4,27.58,-93.08,36.13035469315946,17.44641541937987,22.866512037813663
4,27.58,-92.08,36.189357144758105,18.463699117302895,23.222235783934593
4,27.58,-90.58,35.869930079206824,18.514563302199047,23.68318735063076
4,27.75,-93.08,36.097292974591255,16.912341477970283,22.707815788686275
4,27.75,-92.75,36.139637406449765,17.50999565050006,22.841364786028866
4,27.75,-92.58,36.15960159804672,17.802464713652927,22.912411876022816
4,27.75,-92.42,36.16519665811211,17.929625175893307,22.954161196947094
4,27.75,-92.08,36.165705299936235,17.85332889854908,23.058046203106642
4,27.75,-91.92,36.1369670368731,17.929625175893307,23.124088257551193
4,27.75,-90.58,35.78422393184155,17.599007974068325,23.550126649439335
4,27.92,-94.25,35.77201652806252,14.4962926954031,21.774925991892815
4,27.92,-93.08,36.05219339951873,15.750942589508163,22.3421633541584
4,27.92,-92.08,36.07779503799975,15.954399329092768,22.58330027014017
4,27.92,-91.42,35.90451772324741,16.073082427183788,22.915829949080944
4,27.92,-91.25,35.86204613093287,15.99678614983956,22.952208012342453
4,27.92,-91.08,35.79159923829138,15.750942589508163,23.043275244534016
4,27.92,-90.75,35.67715482786298,15.513576393326124,23.179021574556828
4,27.92,-90.58,35.53354828618467,15.445757480131256,23.238593704998493
4,28.08,-93.08,36.01234978996217,15.106662914156914,21.93166905641556
4,28.08,-92.08,35.991495475173,14.95407035946846,22.138950772583485
4,28.08,-90.58,34.96861676685512,12.970367148518562,22.73027741163969
4,28.25,-94.75,35.36179689690471,13.580737367272375,21.084597308188677
4,28.25,-93.08,35.93325598631054,14.95407035946846,21.58729819580913
4,28.25,-92.08,35.88671525940299,14.343700140714644,21.921414837241173
4,28.25,-90.58,33.883938076905906,11.698762526114782,22.342570267617702
4,28.42,-93.08,35.679019847884774,14.90320617457231,21.279630929231644
4,28.42,-92.08,35.38265121169388,13.139914431505732,21.762799970805645
4,28.42,-91.25,33.01594080403447,11.139256492257118,21.996856592595577
4,28.42,-91.08,32.45287430472672,10.986663937568665,22.009226761758327
4,28.42,-90.92,32.17617315240204,10.935799752672514,22.019562363624573
4,28.42,-90.75,31.923123844899237,10.910367660224438,22.045686207711697
4,28.42,-90.58,31.703305803239346,10.918845024373796,22.115675322711468
4,28.42,-89.92,32.08156577311456,11.291849046945572,22.458784751594067
4,28.58,-94.08,35.06576735526323,14.852341989676155,20.90112002938986
4,28.58,-93.08,35.18936731852591,14.598021065195402,21.235358744859695
4,28.58,-92.42,35.13138215057552,12.970367148518562,21.596209600567818
4,28.58,-92.25,34.88036741036922,12.588885761797428,21.665791802108288
4,28.58,-92.08,34.39029101282358,12.05481182038784,21.758079774677753
4,28.58,-91.92,33.93658250570297,11.749626711010931,21.81887264549732
4,28.58,-91.75,33.47270116209984,11.444441601634026,21.859889522194862
4,28.58,-91.58,32.44219282642007,11.088392307360968,21.935331277549267
4,28.58,-91.42,31.46458324044943,10.83407138288021,22.015900142490864
4,28.58,-91.25,30.8641315670684,9.61333094537258,22.053987242281437
4,28.58,-91.08,30.292163835838437,10.681478828191755,21.99734488874674
4,28.58,-90.92,30.0317392218858,10.681478828191755,21.980010375380516
4,28.58,-90.75,29.760124487802383,10.681478828191755,21.987701039761305
4,28.58,-90.58,29.23978390172124,10.528886273503304,21.999786369502544
4,28.58,-90.42,29.06888024881482,10.681478828191755,22.035676136612892
4,28.58,-90.08,29.595324536785483,10.681478828191755,22.132114626467228
4,28.58,-89.75,28.78276922274381,10.60518255084753,22.142246771603823
4,28.58,-89.58,28.19147310219705,10.528886273503304,22.13235877454281
4,28.75,-94.08,34.49023913126439,14.089379216233889,20.867427594959736
4,28.75,-93.08,34.58332058507949,14.216539678474268,21.264778587967157
4,28.75,-92.58,34.45056506898254,12.614317854245504,21.565813165158033
4,28.75,-92.42,34.0922269038856,12.131108097732069,21.65077669546008
4,28.75,-92.25,33.759956632275134,11.9403674043715,21.708822900429368
4,28.75,-92.08,33.18099507596344,11.622466248770555,21.78969695046544
4,28.75,-91.92,32.66777547542006,11.3681453242898,21.8543961904943
4,28.75,-91.58,31.17338579613715,10.3254295339187,22.069002348929644
4,28.75,-90.58,27.26193016860634,10.528886273503304,21.970610674470663
4,28.75,-90.42,26.83263646904379,10.528886273503304,21.962797936052084
4,28.75,-90.08,27.48191775754094,10.528886273503304,21.99441511183977
4,28.75,-89.92,27.269814116880298,10.528886273503304,21.995757926255465
4,28.75,-89.75,26.752143900375813,10.528886273503304,21.982573930174112
4,28.92,-94.08,33.30620573833585,12.46172529955705,20.907793410122395
4,28.92,-93.25,33.55942459311336,13.453576905032,21.145512253046036
4,28.92,-93.08,33.57120812870562,13.309461714492905,21.275317646563053
4,28.92,-92.58,32.6831195037812,11.563124699725044,21.67140720784664
4,28.92,-92.42,32.0571509655565,10.78320719798406,21.835963010787964
4,28.92,-92.25,31.623279489576817,10.55431836595138,21.938016906380653
4,28.92,-92.08,30.876254197210073,9.61333094537258,22.105583868920803
4,28.92,-91.92,30.153304617851973,8.239997953176498,22.248329110443592
4,28.92,-91.75,29.52665789052844,8.036541213591894,22.319742422550917
4,28.92,-91.58,27.93562626466155,7.171850070357323,22.4390901401639
4,28.92,-90.75,22.072003316134214,7.019257515668869,22.440717794001102
4,28.92,-90.58,22.61235048063099,7.612673006123966,22.312133140861988
4,28.92,-89.92,25.11673327535391,10.478022088607151,21.934354685246944
4,28.92,-89.75,24.651326006278396,10.071108609437944,22.01406903192401
4,28.92,-89.58,23.978392872959375,7.782220289111137,22.204347578542578
4,29.08,-94.08,31.715343659743667,11.291849046945572,21.129642628133297
4,29.08,-93.08,32.50068663619459,12.05481182038784,21.391125217080116
4,29.08,-92.92,32.44880517013371,12.05481182038784,21.47901852428913
4,29.08,-92.75,32.0619830628857,11.520737878978252,21.600238043814898
4,29.08,-92.58,30.809961212798953,8.69777561724186,22.00564592331648
4,29.08,-92.42,29.656361555680633,6.866664960980415,22.272988066077232
4,29.08,-92.08,27.71792756393552,6.9683933307727175,22.473677784204483
4,29.25,-94.08,30.040386132895947,9.96938023964564,21.34705648943782
4,29.25,-93.08,30.545976106077433,10.910367660224438,21.661275062710047
4,29.42,-94.08,26.46908472524956,9.15555328130722,21.63155003450811
4,29.42,-93.08,26.75195315969177,9.136479211971164,21.92873927950859
4,31.08,-79.75,36.242255894467235,19.837032109498978,23.960173342376947
4,33.42,-118.58,33.38318020105362,12.436293207108974,14.895809814333916
4,36.25,-72.08,36.434522503986955,45.16739618778229,22.086947232484818
4,37.08,-76.42,16.499832132831216,7.731356104214986,12.965086832642555
4,43.58,-2.08,34.68072549439967,13.055140790012148,13.746848970651628
4,43.58,-1.92,34.30280461907387,13.122959703207016,13.745628230273724
4,43.92,-2.42,35.1377401733771,15.844193595151106,13.607562493532896
4,43.92,-1.92,33.968626940622926,11.978515543043612,13.630512412637472
4,44.42,-2.42,35.199540155008435,16.98863775531451,13.387340929359198
4,44.42,-1.92,33.98541212081909,11.520737878978252,13.43348491564393
4,44.75,-2.42,35.140029061585665,15.920489872495333,13.236091196537018
4,44.75,-1.92,34.054078767076135,11.749626711010931,13.247810304164886
4,44.92,-3.08,35.51019314909354,24.681845720857385,13.11853389814496
4,44.92,-2.08,34.513636655174196,13.148391795655092,13.19165624678135
4,44.92,-1.92,34.01058989111334,12.28370065242052,13.15918455272913
4,44.92,-1.58,31.68457082938403,10.732343013087908,12.943723876029251
4,45.08,-3.58,35.601875837892294,27.87357332309087,13.104739531874657
4,45.08,-2.58,35.364085785113275,24.440240842600662,12.963744018226862
4,45.08,-2.42,35.10798462666571,19.616620641615658,13.021322272717953
4,45.08,-2.25,34.85061186365783,16.98863775531451,13.055909916758536
4,45.08,-2.08,34.50337904505432,14.631930521792835,13.051189720630646
4,45.08,-1.92,34.029663959518075,12.410861114660898,13.010986670851707
4,45.08,-1.58,31.72246464528143,10.715388284789192,12.891191348433496
4,45.25,-2.08,34.536271216347814,14.445428510506948,12.907712034881117
4,45.25,-1.92,34.115115785971284,12.05481182038784,12.87719352543354
4,45.25,-1.58,31.99102752842009,10.732343013087908,12.838373981416224
4,45.42,-2.92,35.4963326593861,25.076043153802555,12.83666494488716
4,45.42,-2.08,34.563992195762694,13.860490384201208,12.822138134390116
4,45.42,-1.92,34.14639725815505,11.902219265699388,12.795892216265202
4,45.42,-1.75,33.70158998295665,11.215552769601343,12.767876224592328
4,45.42,-1.42,30.25986508000642,9.61333094537258,13.044190809130669
4,45.58,-3.92,35.60645361430943,36.266163830955826,12.83642079681158
4,45.58,-2.25,34.846034087240696,14.598021065195402,12.70921964943409
4,45.58,-2.08,34.51219550333917,12.817774593830109,12.669586278498173
4,45.58,-1.75,33.74304429162294,11.266416954497496,12.599963385611773
4,45.58,-1.58,32.506451243534684,10.715388284789192,12.748201958835123
4,45.75,-3.25,35.425885766744614,20.29480977356434,12.59886471927166
4,45.92,-1.75,33.67145295487717,11.177404630929232,12.42143010534346
4,46.08,-2.58,34.797967434860766,13.657033644616604,12.301248215138912
4,46.92,-62.58,29.848628165200353,14.191107586026192,-0.1546372678130865
4,47.58,-64.08,29.451887542381883,12.410861114660898,0.1108127273619175
4,49.42,-0.42,34.50804159510881,12.932219009846447,10.004913490265608
4,49.58,-66.08,24.761192640289664,10.528886273503304,0.9042532816529274
4,49.58,-62.08,31.447798060253263,16.81061310817798,-0.2306283563375473
4,58.25,-148.25,32.38776815123856,26.39851196110249,5.344737097620964
4,58.42,-148.42,32.35521507449448,25.839005927244823,5.394055008888245
4,58.58,-148.58,32.28273361455649,26.88172171761592,5.414319299161434
4,58.92,-148.92,32.14387439657003,30.518510937690735,5.3629261292517185
4,58.92,-148.75,32.18482006341219,30.976288601756096,5.4201788529753685
4,59.08,-149.08,32.03248183708638,29.526659332215782,5.168950483202934
4,59.25,-149.08,32.03070159070194,29.145177945494652,5.158330041915178
4,59.42,-149.42,31.96584975812584,29.32320259263118,5.042481780052185
4,59.42,-149.25,32.021546037867665,29.145177945494652,5.123905163258314
4,59.42,-149.08,32.03604232985526,29.03073352947831,5.150090044364333
4,59.58,-149.42,31.872344436123967,29.992914360430504,4.942625217139721
4,59.58,-149.08,31.966358399949968,29.755548164248463,5.116092424839735
5,-45.42,38.58,33.78500724211335,66.68294639885426,7.151351474225521
5,-44.58,-40.58,34.44967494579032,59.62554074451327,11.0594500657171
5,-43.42,-45.42,34.4855765812099,54.0177643597126,12.281065307557585
5,-43.08,40.75,34.016693593002856,49.36369144171477,10.10379346087575
5,-41.08,-41.75,34.954374795779586,57.22220800817013,15.2986541390419
5,-39.92,43.92,35.24658952374011,65.89455153296392,16.833857238292694
5,-39.08,-38.75,35.20310064777732,61.49479953944683,16.585192423313856
5,-38.75,11.58,35.338908014819026,66.47948965926965,17.427869506180286
5,-37.92,-37.75,35.33738208934665,60.78270095090071,17.30701620876789
5,-36.92,43.92,35.61637212987989,76.37257362157106,19.105410933494568
5,-36.08,-34.92,35.397401824593544,58.31578798343738,18.11001922935247
5,-34.92,-33.75,35.41723885573447,54.78072713315487,18.736747339367867
5,-33.08,-31.08,35.63671780284494,54.628134578466415,20.287087619304657
5,-31.42,43.92,35.57847831398249,41.352582320570946,21.93313394486904
5,-30.92,-28.42,35.943174501881,55.69628246128559,21.771996214985847
5,-29.58,-27.08,36.05338023044169,52.96657120519214,22.221472822129726
5,-28.25,-25.25,36.24187441309914,51.34739465266466,22.974303413182497
5,-26.25,-25.08,36.538031115196645,52.66986345996459,24.049409464001656
5,-24.42,-25.08,36.78751992993057,51.9323327789704,24.814325384795666
5,-21.75,-25.08,37.0652383659035,52.74615973730882,25.616351813077927
5,-21.08,-25.08,37.14034780859947,54.23817582759592,25.82387767732143
5,-16.75,-25.08,37.167729693464935,50.73702443391085,26.357219148427248
5,-14.08,-25.08,36.93019396159798,42.4461622958382,26.74675740301609
5,-12.42,-25.08,36.75632323138416,42.573322758078575,27.218777015805244
5,-10.75,-25.08,36.651203921064734,42.827643682559334,27.61299477517605
5,-4.58,-25.08,35.8365292660892,26.94106326666143,28.176976829767227
5,-2.42,-25.08,35.95148231834173,18.26024237771829,28.023489072918892
5,-0.25,-25.08,36.001159669831395,11.444441601634026,27.7243262976408
5,7.08,-27.92,35.77684862539172,18.61629167199135,27.501174956560135
5,11.25,-29.58,36.078473227098584,26.09332685172558,25.807763904333115
5,14.58,-30.92,36.285490449517965,26.60196870068709,24.4036683216691
5,18.58,-32.42,36.726991552859545,24.719993859529495,23.90047913789749
5,22.08,-33.92,37.32922347262502,24.363944565256435,23.686117127537727
5,24.92,133.92,34.79237237479538,12.843206686278185,25.406994838267565
5,25.92,-97.08,33.77076527103782,10.83407138288021,24.980752989649773
5,25.92,-96.92,33.79924921318889,10.83407138288021,25.009155549108986
5,25.92,-96.75,33.9536220068112,10.910367660224438,25.066530346870422
5,25.92,-96.58,34.41216261126101,11.30880377524429,25.20919420570135
5,25.92,-96.42,34.964038990437984,11.698762526114782,25.374889366328716
5,25.92,-96.25,35.3887549135834,12.156540190180143,25.512955103069544
5,25.92,-96.08,35.71225111372769,12.766910408933958,25.60552791506052
5,26.08,-96.42,34.78957484476268,11.59703415632248,25.30237738788128
5,26.42,-96.42,34.64766377583146,11.342713231841724,25.227423928678036
5,26.58,-96.58,34.09375282935798,11.037528122464815,25.103396706283092
5,26.75,-96.58,34.13851330988109,11.139256492257118,25.10596026107669
5,26.92,-96.58,34.12410179153085,11.156211220555836,25.075319677591324
5,26.92,-96.42,34.702597092837095,11.59703415632248,25.19568467885256
5,26.92,-96.25,35.0632241461426,11.87678717325131,25.283700060099363
5,26.92,-96.08,35.3848553262651,12.410861114660898,25.341522462666035
5,27.08,-97.42,32.23517560400069,11.444441601634026,25.219611190259457
5,27.08,-97.25,32.238990417681634,10.986663937568665,25.023316137492657
5,27.08,-97.08,32.72499768063426,10.83407138288021,24.932737201452255
5,27.08,-96.92,33.18277532234788,10.83407138288021,24.94860682636499
5,27.08,-96.75,33.47270116209984,10.83407138288021,24.964720599353313
5,27.08,-96.58,34.01135285384953,11.139256492257118,25.0240485817194
5,27.08,-96.42,34.55610824748874,11.444441601634026,25.11706899851561
5,27.25,-96.25,34.727011900395155,11.59703415632248,25.11651966534555
5,27.25,-95.75,35.46403390355408,12.359996929764748,25.26374095492065
5,27.42,-96.08,34.76956826634705,11.563124699725044,25.01892147213221
5,27.42,-95.92,35.02304144203663,11.749626711010931,25.056520275771614
5,27.42,-95.08,35.54541659541428,12.427815842959616,25.16378266364336
5,27.42,-94.42,35.70411284454167,12.665182039141657,25.199346899986267
5,27.58,-96.25,33.96099731326103,10.986663937568665,24.812738422304392
5,27.58,-96.08,34.361298428848386,11.24098486204942,24.8277535289526
5,27.58,-95.92,34.61256748996675,11.444441601634026,24.846064634621143
5,27.58,-95.58,35.0535599514842,11.953083450595535,24.949583418667316
5,27.58,-95.42,35.23514508269727,12.05481182038784,25.009399697184563
5,27.58,-95.25,35.315256169997156,12.131108097732069,25.03686635568738
5,27.58,-95.08,35.38417713716626,12.207404375076294,25.047975093126297
5,27.58,-94.92,35.42741169221699,12.207404375076294,25.047486796975136
5,27.58,-94.75,35.473189456388354,12.207404375076294,25.04565568640828
5,27.58,-94.58,35.56016720831394,12.359996929764748,25.058717608451843
5,27.58,-94.42,35.616626450791955,12.5125894844532,25.08557389676571
5,27.75,-96.42,33.39793081395328,10.910367660224438,24.77538376674056
5,27.75,-95.25,35.07225253852084,11.9403674043715,24.89129306562245
5,27.75,-94.42,35.52888573613018,12.359996929764748,24.957396157085896
5,27.92,-96.58,31.425248272717,10.766252469685345,25.01639860868454
5,27.92,-96.42,32.33741261065006,10.83407138288021,24.8453321903944
5,27.92,-95.42,34.57492799498141,11.342713231841724,24.65294350683689
5,27.92,-94.25,35.34501171670854,11.77505880345901,24.694814901798964
5,28.08,-116.08,33.46964931115508,13.885922476649284,16.886349074542522
5,28.08,-95.42,34.29212314076722,10.83407138288021,24.614612258970737
5,28.08,-94.58,35.031688353046775,11.291849046945572,24.51353495568037
5,28.08,-94.08,35.3480635676533,11.495305786530176,24.559923090040684
5,28.25,-95.58,33.163701253943145,10.884935567776362,24.769157990813255
5,28.25,-95.42,33.932004729285836,10.910367660224438,24.665517132729292
5,28.25,-94.75,34.907071106135845,11.215552769601343,24.473799856379628
5,28.25,-94.08,35.351115418598056,11.469873694082102,24.457747120410204
5,28.42,-95.58,30.857095355167985,10.596705186698172,25.047812327742577
5,28.42,-94.75,34.71683906391263,12.05481182038784,24.450422678142782
5,28.42,-94.08,35.27753190137446,12.190449646777576,24.36777855455875
5,28.42,-91.25,32.57189649157226,11.01209603001674,25.08130130544305
5,28.42,-91.08,31.909475289285183,10.800161926282776,25.101280756294727
5,28.42,-90.92,31.43609929829836,10.732343013087908,25.10657063126564
5,28.42,-90.75,31.03300065267831,10.706910920639832,25.12512588500977
5,28.42,-90.58,30.6344797834754,10.613659914996887,25.14978484064341
5,28.58,-94.92,33.65276036784053,11.749626711010931,24.671742908656597
5,28.58,-92.42,35.00778218731284,11.902219265699388,24.781609542667866
5,28.58,-92.25,34.79110077023506,11.749626711010931,24.831049527972937
5,28.58,-92.08,34.34959966689348,11.495305786530176,24.93444623798132
5,28.58,-91.92,33.93047880381346,11.444441601634026,25.00354014337063
5,28.58,-91.75,33.41395303141326,11.291849046945572,25.04858546331525
5,28.58,-91.58,32.20923487097025,11.088392307360968,25.161503948271275
5,28.58,-91.42,31.142612965777516,10.83407138288021,25.2869960591197
5,28.58,-91.08,29.77741830982268,10.630614643295608,25.279671616852283
5,28.58,-90.92,29.27335426211357,10.681478828191755,25.22180852293968
5,28.58,-90.75,28.85296179447323,10.60518255084753,25.206427194178104
5,28.58,-90.58,28.16604101099074,10.528886273503304,25.17761772125959
5,28.58,-90.42,27.861873200163245,10.528886273503304,25.177129425108433
5,28.75,-94.92,32.24356819409877,11.062960214912891,24.925168611109257
5,28.75,-92.42,34.16776021476835,11.82592298835516,24.921506389975548
5,28.75,-92.25,33.81565291201696,11.71147857233882,24.980834372341633
5,28.75,-92.08,33.170313597656786,11.444441601634026,25.09900204092264
5,28.75,-91.92,32.62657548766583,11.3681453242898,25.186651200056076
5,28.75,-91.42,30.00961330253631,7.324442625045776,25.68654438480735
5,28.75,-90.58,26.296273665502667,10.528886273503304,25.308847311884165
5,28.75,-90.42,25.707266433164477,10.528886273503304,25.25330362468958
5,28.75,-90.25,25.876644160598516,10.528886273503304,25.211920525878668
5,28.92,-94.92,28.999704960733652,10.579750458399454,25.292855612933636
5,28.92,-93.08,33.440656727179885,12.410861114660898,24.94234035909176
5,28.92,-92.58,32.64225861057639,11.427486873335308,25.206752724945545
5,28.92,-92.42,32.01391641050577,10.732343013087908,25.37879573553801
5,28.92,-92.25,31.579281971789896,10.579750458399454,25.493301182985302
5,28.92,-92.08,30.820473143830895,9.61333094537258,25.686503693461415
5,28.92,-91.92,30.11973425745964,8.290862138072649,25.86245307326317
5,28.92,-91.58,27.930878940969706,7.171850070357323,26.10098574310541
5,28.92,-90.58,21.71358037739992,7.612673006123966,25.930082090198994
5,28.92,-90.25,22.09631639532745,9.460738390684128,25.680025631189345
5,28.92,-90.08,23.594029201194644,10.3254295339187,25.38701538741589
5,28.92,-89.92,23.81766205653548,10.478022088607151,25.293343909084797
5,28.92,-89.75,23.22611161507666,10.071108609437944,25.3851435855031
5,28.92,-89.58,22.64299009527479,7.782220289111137,25.619107198502338
5,29.08,-94.92,26.22608109377325,8.69777561724186,25.690572828054428
5,29.08,-94.58,29.479862842708823,10.986663937568665,25.303842276334763
5,29.08,-94.42,30.686361249536276,11.139256492257118,25.22986540943384
5,29.08,-92.58,30.660929158329964,8.69777561724186,25.766014583408833
5,29.08,-92.42,29.590746760368347,6.866664960980415,26.063386939466
5,29.08,-89.75,21.35227513499558,7.171850070357323,25.922757647931576
5,29.08,-36.92,37.00877912342549,19.17579770584901,21.901882991194725
5,29.42,145.58,34.7938135266304,13.750284650259548,21.644876450300217
5,29.92,146.92,34.775078552775085,13.657033644616604,21.29102450609207
5,31.08,-80.42,36.24988552182913,15.41184802353382,23.9532151222229
5,31.08,-79.75,36.242255894467235,14.648885250091553,25.637104399502277
5,31.08,-32.75,36.73055204562843,17.548143789172173,20.88940092176199
5,31.08,-32.58,36.732840933837,17.85332889854908,20.89709158614278
5,31.42,-120.42,33.26924443244934,20.549130698045097,15.75228126347065
5,31.92,123.92,30.445265024900436,10.681478828191755,16.58738975599408
5,32.58,-117.58,33.31400491297245,10.579750458399454,16.176366470754147
5,33.42,-118.58,33.428449323400855,11.088392307360968,16.131443224847317
5,33.92,147.58,34.73286128137261,21.08320463945468,19.87057100236416
5,33.92,151.92,34.73006375133991,24.414808750152588,19.223639639094472
5,35.58,-22.92,36.39891757629812,19.07406933605671,18.70940275490284
5,37.92,146.92,34.343241644091904,14.915922220796348,15.29663991741836
5,38.58,-20.08,36.111026303842664,17.95505726834138,16.928993605077267
5,41.92,-18.92,35.85390786174685,17.6244400665164,15.362743008881807
5,43.58,-2.08,34.68292960897088,10.681478828191755,16.060233369469643
5,43.58,-1.92,34.40555026754737,10.681478828191755,16.14145329594612
5,43.92,-2.42,35.05712044425309,11.01209603001674,15.787560660392046
5,43.92,-1.92,33.94268620759249,10.681478828191755,16.123752560466528
5,44.42,-2.42,35.15172782354057,11.444441601634026,15.530594810843468
5,44.42,-1.92,33.63902703858912,10.681478828191755,15.952360611408947
5,44.42,37.58,18.506169808097184,10.528886273503304,16.248634301126003
5,44.75,-2.42,34.84399951994419,11.342713231841724,15.420239880681038
5,44.75,-1.92,33.26212344691157,10.681478828191755,15.782799772918224
5,44.92,-3.08,35.37018948700279,12.665182039141657,15.031128885224462
5,44.92,-2.08,33.85596277657896,10.83407138288021,15.627643670886757
5,44.92,-1.92,33.27814566437155,10.681478828191755,15.702230907976627
5,45.08,-3.42,35.46708575449884,13.004276605115995,14.882300287485124
5,45.08,-2.58,35.06729328073561,12.410861114660898,15.04046754911542
5,45.08,-2.25,34.320607082918286,11.139256492257118,15.383617669343948
5,45.08,-2.08,33.90894629992545,10.800161926282776,15.492670476436617
5,45.08,-1.92,33.447269070893526,10.681478828191755,15.56843776255846
5,45.08,-1.58,31.07699817046523,10.54584100180202,15.697917625308037
5,45.25,-2.08,34.09273554570973,10.83407138288021,15.361888490617275
5,45.25,-1.75,33.22092345915735,10.681478828191755,15.511795409023762
5,45.25,-1.58,31.40049437060952,10.528886273503304,15.675374619662762
5,45.42,-2.92,35.28397469781339,12.00394763549169,14.844782866537573
5,45.42,-2.08,34.217098471708596,10.83407138288021,15.28656880930066
5,45.42,-1.92,33.76873070374131,10.681478828191755,15.381420336663725
5,45.42,-1.42,29.354228312149644,9.61333094537258,16.139500111341476
5,45.58,-3.92,35.52676639519632,13.580737367272375,14.522100493311882
5,45.58,-2.25,34.52762430533767,10.83407138288021,15.133121743798256
5,45.58,-2.08,34.16716679930687,10.715388284789192,15.210598066449164
5,45.58,-1.75,33.29925430007279,10.681478828191755,15.363109230995178
5,45.58,-1.58,31.884721387177706,10.478022088607151,15.710287794470789
5,45.92,-4.25,35.56512646609917,13.847774337977173,14.326151316985488
5,45.92,-1.75,33.408993773628026,10.681478828191755,15.26367992721498
5,46.08,-18.08,35.703095560893416,22.465014995800125,13.864609725773336
5,46.08,-17.92,35.70106099359691,22.380241354306538,13.852076791226864
5,46.08,-4.58,35.566610004752874,14.241971770922342,14.1771192625165
5,46.08,-3.58,35.22039446979761,11.978515543043612,14.364665675908329
5,46.08,-2.42,34.33654452674091,10.766252469685345,14.839492991566658
5,46.25,-18.08,35.70106099359691,22.634562278787296,13.824732206761835
5,46.25,-17.92,35.69750050082803,22.736290648579597,13.80959502607584
5,46.25,-17.42,35.69292272441089,22.43110553920269,13.794213697314262
5,46.25,-3.08,34.917752584442496,11.139256492257118,14.642750333994629
5,46.42,-18.08,35.69826346356422,22.863451110819977,13.800683621317148
5,46.42,-5.08,35.58280176948756,14.521724787851175,14.02261422201991
5,46.42,-3.92,35.19826855044812,12.00394763549169,14.221350755542517
5,46.58,-18.58,35.69478774443269,24.61826548973719,13.80202643573284
5,46.58,-5.08,35.526088206097484,14.30979068411721,13.85101881623268
5,46.58,-4.92,35.48997463658452,13.936786661545437,13.841578423976898
5,46.58,-3.42,34.78720118291676,11.257939590348135,14.437381111085417
5,46.75,-4.42,35.19852287136018,12.5125894844532,13.945829652249811
5,46.75,-3.58,34.79415262117982,11.444441601634026,14.2681051120162
5,46.92,-62.58,29.668568959459662,10.986663937568665,4.315652959048748
5,46.92,-5.75,35.556352394632995,15.907773826271296,13.534745329990985
5,46.92,-4.92,35.328989499248564,13.04666342586279,13.746971044689417
5,46.92,-4.25,35.057756246533245,12.28370065242052,13.974211866036056
5,46.92,-2.75,33.36283452808857,10.681478828191755,14.60319834575057
5,47.08,-6.08,35.546264331787825,17.39555123448372,13.258308671414852
5,47.08,-5.42,35.45589563436806,14.191107586026192,13.448744170367718
5,47.08,-3.92,34.80127360671759,11.715717254413498,13.98953215777874
5,47.08,-2.92,33.078503748402,10.647569371594322,14.468794830143452
5,47.25,-6.58,35.56881411932409,16.53086009124915,13.227790161967278
5,47.25,-4.42,34.94979701936245,12.05481182038784,13.802270583808422
5,47.42,-7.42,35.58305609039962,16.708884738385677,13.251838747411966
5,47.42,-4.92,35.09475993923843,12.5125894844532,13.619159527122974
5,47.42,-4.08,34.71938227303326,11.406293462961912,13.80959502607584
5,47.58,-5.75,35.304574691690505,13.78419410685698,13.225348681211472
5,47.92,-6.42,35.44648576062173,14.72518152743578,13.005371265113354
5,48.08,-7.08,35.51557627506554,15.76789731780688,12.990396849811075
5,48.42,-126.92,31.94448680151254,11.673330433666706,11.095522943884134
5,48.92,-130.92,32.43227431084961,16.785181015729904,9.74843593686819
5,48.92,-16.58,35.60747089795768,26.09332685172558,13.02063051983714
5,49.08,-138.92,32.55188991315663,21.36295765638351,8.294371381402016
5,49.25,-59.92,31.49154125712812,12.5125894844532,2.7828913405537605
5,49.42,-138.92,32.54493847489357,22.278512984514236,8.269631043076515
5,49.58,-0.42,34.51414529699832,11.64789834121863,12.258644375950098
5,49.58,-0.25,34.45387124083936,11.64789834121863,12.352763459086418
5,49.92,-145.08,32.62810141313821,22.392957400530577,7.164861001074314
5,49.92,-134.92,32.44041258003563,19.30295816808939,8.736808385699987
5,55.08,3.08,34.80856413953006,15.24230074054665,9.750714652240276
5,55.25,2.58,34.77889336645603,14.038515031337738,9.572161026299
5,55.42,2.75,34.79338965844363,13.27555225789547,9.499893195927145
5,55.42,3.08,34.807631629519165,13.580737367272375,9.513687562197449
5,55.92,2.42,34.93415628327057,13.27555225789547,9.348094129934909
5,56.58,2.25,35.00778218731284,13.428144812583923,9.096072278916836
5,56.92,1.92,35.03143403213471,14.305552002042532,9.18549151159823
5,57.42,1.25,35.05165254464373,14.95407035946846,9.104373313486576
5,57.42,1.75,35.06042661610991,14.572588972747326,9.06555376946926
5,57.58,-147.58,32.405316294170916,14.598021065195402,7.182561736553907
5,57.92,-147.92,32.3536891490221,14.013082938889662,7.283883187919855
5,57.92,1.25,35.080645128618926,15.640736855566502,8.994506679475307
5,58.08,-148.08,32.345042238011956,13.835058291753134,7.31843014061451
5,58.25,-148.25,32.3419903870672,13.73332992196083,7.354564055800438
5,58.25,0.58,35.15020189806819,16.27653916676839,8.872188493609428
5,58.42,-148.42,32.32418792322278,13.50444108992815,7.345286428928375
5,58.42,0.92,35.1446068380028,16.53086009124915,8.861934274435043
5,58.42,1.25,35.13214511331171,16.556292183697224,8.88702048920095
5,58.58,-148.58,32.247128686867654,13.936786661545437,7.27777948603034
5,58.58,-148.42,32.303164061158895,13.716375193662111,7.349518328905106
5,58.75,0.58,35.166987078264356,17.242958679795265,8.74230171740055
5,58.92,-148.92,32.10191144607961,14.4962926954031,7.203680545091629
5,58.92,-148.75,32.142094150185585,14.72518152743578,7.239936534315348
5,59.08,-149.08,31.99484234210104,13.758762014408909,7.172307517379522
5,59.08,-148.92,32.040365785360336,14.682794706688988,7.22060814499855
5,59.08,-147.25,32.30689410120249,14.750613619883856,7.499099716544151
5,59.08,-0.08,35.19826855044812,17.700736343860626,8.641834784299135
5,59.08,0.25,35.19165620673448,17.802464713652927,8.64000367373228
5,59.25,-149.08,31.989501602947712,13.351848535239697,7.201483212411404
5,59.25,-147.25,32.23212375305593,15.106662914156914,7.489333793520927
5,59.25,0.58,35.23921421729028,17.700736343860626,8.632435083389282
5,59.42,-149.42,31.93151643499732,13.300984350343546,7.198065139353275
5,59.42,-149.25,31.988738640211523,13.27555225789547,7.226752538233995
5,59.42,-147.25,32.17337562236935,14.72518152743578,7.53547777980566
5,59.58,-149.42,31.807916471734643,14.30979068411721,7.1494796723127365
5,59.58,-0.08,35.25599939748645,19.07406933605671,8.630481898784637
5,60.08,0.42,35.33127838745713,22.10048833737771,8.844721835106611
5,60.25,-0.08,35.34348579123616,26.245919406414032,8.995971567928791
5,60.58,0.25,35.3480635676533,27.746412860850494,9.136112563312054
5,60.75,0.92,35.31957962550223,23.346660867333412,8.9832758679986
5,60.92,0.25,35.35645615775138,28.611104004085064,9.262764377519488
5,60.92,0.58,35.34475739579648,26.805425440271694,9.17944884672761
5,64.92,-169.25,32.38217309117317,15.717033132910728,-0.4352244436740875
5,65.58,-168.92,32.17261265963316,14.038515031337738,-0.6766868904232979
5,65.58,-168.75,31.911679403856397,11.444441601634026,-0.826837956905365
5,65.58,-168.58,31.60420542117208,12.436293207108974,-0.9088717103004456
5,67.42,-169.08,32.1268348954618,12.944935056070486,-1.034607969224453
5,70.42,-167.58,31.97398802731186,14.241971770922342,-1.7587511613965034
5,70.42,-167.42,31.936602853238583,14.733658891585138,-1.7498804479837418
5,71.08,-162.25,32.17566451057792,18.158514007925987,-1.7724234536290169
5,71.42,-166.08,32.13014106731862,15.844193595151106,-1.7751090824604034
5,71.75,-166.42,32.21762746106833,18.387402839958668,-1.7747428603470323
5,71.92,-159.75,32.1888891980052,20.39653814335664,-1.7672963440418243
5,72.08,-159.92,32.19295833259821,20.29480977356434,-1.7694936767220495
5,72.08,-159.42,32.102928729727864,21.15950091679891,-1.7619250863790512
5,72.25,-159.08,32.02421640744433,20.29480977356434,-1.7559434585273266
5,72.42,-159.08,31.82648189831525,19.150365613400936,-1.746665831655264
5,72.42,-158.92,31.758747762069103,18.514563302199047,-1.7432070672512054
5,72.58,-161.42,32.26416818797588,25.889870112140972,-1.771691009402275
5,72.58,-158.92,31.487980764359236,16.785181015729904,-1.726279467344284
5,72.58,-158.75,31.466109165921807,16.479995906352997,-1.724082134664059
5,72.58,-158.58,31.43711658194661,16.098514519631863,-1.7204199135303495
5,72.75,-160.58,31.997894193045795,19.95147652551532,-1.7592394575476646
5,72.75,-158.58,31.317712913732976,14.763329666107891,-1.7083345837891102
5,72.75,-158.42,31.286049960181117,14.648885250091553,-1.7052827328443527
5,72.92,-160.58,31.495101749897003,15.284687561293444,-1.725424949079752
5,72.92,-158.42,31.08767964877188,14.25892649922106,-1.6938077732920649
5,73.08,-160.25,31.20975368656218,14.343700140714644,-1.698446586728096
5,73.08,-160.08,31.19830924551934,14.26740386337042,-1.697347920387983
5,73.08,-158.42,30.95950190909207,15.00493454436461,-1.6884365156292915
5,73.25,-159.92,31.065808050334457,13.453576905032,-1.689168959856033
5,73.25,-157.58,30.877864896319807,15.793329410254955,-1.6891079228371382
5,73.42,-159.75,30.946785863488913,15.157527099053064,-1.6872157752513883
6,-36.42,13.08,35.50726845860481,89.50401068892744,17.405814796686172
6,8.42,-30.25,35.790963436011225,14.95407035946846,27.438001642003655
6,12.08,-32.42,36.247681407257915,24.34698983695772,26.099195323884487
6,14.25,-33.75,36.38416696339846,26.703697070479393,25.066530346870422
6,17.92,-35.92,36.713427770882845,28.34830571545495,24.79609566181898
6,19.92,159.92,35.120446351356804,17.064934032658737,28.612781144678593
6,23.92,136.92,34.702597092837095,11.59703415632248,28.408795427531004
6,24.08,140.08,34.78092793375254,11.444441601634026,28.241431921720505
6,27.75,-93.58,35.19445373676717,11.444441601634026,28.098361149430275
6,27.92,-155.08,35.401470959186554,17.420983326931793,23.82149723544717
6,27.92,-93.92,34.716330422088504,11.139256492257118,27.987029626965523
6,27.92,-93.42,35.0225328002125,11.190120677153269,28.01828058063984
6,28.08,-93.92,34.47828604839742,10.83407138288021,27.93624682724476
6,28.08,-93.08,35.01897230744362,10.986663937568665,27.954802080988884
6,28.25,-93.92,34.39436014741659,10.83407138288021,27.927457496523857
6,28.42,-94.08,34.05746971257031,11.054482850763533,27.959033980965614
6,28.42,-92.75,34.63443908840418,10.884935567776362,27.983489479869604
6,28.42,-91.08,31.78807944059372,10.732343013087908,28.298155657947063
6,28.42,-90.92,31.323180813342333,10.732343013087908,28.28952909260988
6,28.42,-90.58,30.810130760073665,10.630614643295608,28.259173348546028
6,28.58,-94.42,33.18430124782026,11.139256492257118,28.101779222488403
6,28.58,-94.08,33.62376778386533,11.342713231841724,28.05929745733738
6,28.58,-93.92,33.73821219429374,11.444441601634026,28.060762345790863
6,28.58,-92.58,34.19598983600736,11.037528122464815,28.0917691513896
6,28.58,-91.58,32.056642323732376,10.78320719798406,28.396221801638603
6,28.58,-91.42,31.189916655421257,10.528886273503304,28.53978087007999
6,28.58,-91.08,29.893388645723466,10.579750458399454,28.55882441997528
6,28.58,-90.92,29.44120606407523,10.528886273503304,28.478255555033684
6,28.58,-90.75,29.146702447906137,10.528886273503304,28.44309823215008
6,28.58,-90.58,28.66400135681033,10.528886273503304,28.37449262291193
6,28.58,-90.42,28.513443376868963,10.528886273503304,28.315652936697006
6,28.58,-90.08,28.706727270036936,10.528886273503304,28.27243872731924
6,28.58,-89.75,28.2166508724913,10.60518255084753,28.262916952371597
6,28.58,-89.58,27.584154764190316,10.528886273503304,28.266823321580887
6,28.75,-94.42,32.41065703332424,11.291849046945572,28.261452063918114
6,28.75,-94.25,32.670064363628626,11.253700908273458,28.230323184281588
6,28.75,-92.42,33.31553083844483,11.139256492257118,28.249000512063503
6,28.75,-92.08,32.64005449600518,11.062960214912891,28.375957511365417
6,28.75,-91.92,32.215338572859764,10.986663937568665,28.444929342716932
6,28.75,-90.58,26.697083422914147,10.528886273503304,28.5699331574142
6,28.75,-90.42,26.21082183904946,10.528886273503304,28.446760453283787
6,28.75,-89.92,26.22150331735611,10.528886273503304,28.29624316468835
6,28.75,-89.75,25.686666439287364,10.528886273503304,28.316568491980433
6,28.92,-94.58,30.59158432297409,11.139256492257118,28.52977079898119
6,28.92,-93.75,32.08003984764218,11.291849046945572,28.360942404717207
6,28.92,-93.58,32.1578620467335,11.291849046945572,28.36220383644104
6,28.92,-92.75,32.43074838537723,11.317281139393648,28.42185734957457
6,28.92,-92.08,30.45848971232772,9.460738390684128,28.968993186950684
6,28.92,-91.75,29.46384062524885,8.011109121143818,29.234260071069
6,28.92,-91.58,28.122128266841173,7.171850070357323,29.41651660948992
6,28.92,-90.58,22.083023888990283,7.612673006123966,29.20402640104294
6,28.92,-89.92,23.96415090188384,10.478022088607151,28.46824548393488
6,28.92,-89.75,23.349202936515212,10.071108609437944,28.55015716329217
6,28.92,-89.58,22.78926095126995,7.782220289111137,28.734924939061916
6,29.08,-94.58,28.94578892737627,10.78320719798406,28.699942007660862
6,29.08,-93.92,30.2972502540797,11.139256492257118,28.688467048108578
6,29.08,-93.25,30.843531573191285,10.986663937568665,28.617053736001253
6,29.08,-89.75,21.469771396368746,7.171850070357323,29.001953177154064
6,30.92,-155.08,35.034994524903595,13.148391795655092,22.36259040981531
6,33.42,-118.58,33.43200981616974,10.808639290432136,17.358287304639816
6,34.92,159.92,34.47027493966743,12.5125894844532,19.259346295148134
6,37.08,-76.42,18.48302660509944,7.731356104214986,23.603106781840324
6,41.92,-10.42,35.72471283841878,12.207404375076294,17.45777764543891
6,41.92,-9.92,35.6301054591313,11.59703415632248,17.530289623886347
6,41.92,-9.58,35.52888573613018,11.329997185617684,17.413403732702136
6,41.92,-9.42,35.452080820687115,11.164688584705194,17.227912232279778
6,41.92,-9.25,35.31830802094191,10.83407138288021,17.002685632556677
6,41.92,-9.08,35.20538953598589,9.842219777405262,16.72655415907502
6,42.08,-9.42,35.473019909113646,11.24098486204942,17.10225735604763
6,42.08,-9.25,35.36179689690471,10.83407138288021,16.89806818217039
6,42.42,-9.42,35.3694265242666,10.961231845120588,16.613025303930044
6,42.58,-10.42,35.70106099359691,12.597363125946789,17.051149025559425
6,42.58,-9.92,35.627307929098606,12.139585461881426,17.062379837036133
6,42.58,-9.58,35.52685116883367,11.77505880345901,16.66478469595313
6,42.58,-9.42,35.35365862771869,10.851026111178928,16.34987436980009
6,42.75,-61.92,32.36589655280113,10.630614643295608,11.205511651933191
6,42.92,-10.42,35.69292272441089,12.894070871174335,16.9017304033041
6,42.92,-9.92,35.62781657092273,12.385429022212824,16.794305250048637
6,42.92,-9.58,35.52812277339399,11.787774849683046,16.32517472282052
6,43.58,-62.92,31.32606311701238,10.528886273503304,10.01813817769289
6,44.42,-19.58,35.79134491737932,13.351848535239697,16.405743587762117
6,44.92,-2.58,34.767830406781286,10.872219521552324,18.17587817274034
6,44.92,-2.42,34.42843914963305,10.83407138288021,18.35599841549993
6,44.92,-2.08,33.597064088098705,10.681478828191755,18.68962676078081
6,44.92,-1.92,33.10571608599275,10.60518255084753,18.789849545806646
6,44.92,-1.58,31.463311635889113,10.528886273503304,18.80010376498103
6,45.08,-2.42,34.36519801616669,10.83407138288021,18.278888314962387
6,45.08,-2.08,33.58375462703407,10.698433556490476,18.581957459449768
6,45.08,-1.58,31.606324762105945,10.528886273503304,18.835057631134987
6,45.25,-1.92,33.42387154698372,10.681478828191755,18.57487716525793
6,45.25,-1.58,31.932025076821446,10.528886273503304,18.79192480444908
6,45.42,-2.08,33.84451833553612,10.706910920639832,18.41459395363927
6,45.42,-1.92,33.55662706308067,10.60518255084753,18.503830075263977
6,45.42,-1.75,33.26097900280729,10.528886273503304,18.555467393249273
6,45.42,-1.58,32.19041512347758,10.528886273503304,18.75029755756259
6,45.42,-1.42,30.185857694596052,9.61333094537258,19.330393385142088
6,45.58,-2.25,34.125797264277935,10.630614643295608,18.25601977854967
6,45.58,-2.08,33.88317511416972,10.562795730100738,18.315836057066917
6,45.58,-1.75,33.30662960652262,10.528886273503304,18.393108922988176
6,45.92,-4.25,35.46937464270741,11.59703415632248,16.947202982380986
6,46.08,-4.58,35.51337216049433,11.851355080803236,16.679799802601337
6,46.42,-3.92,35.03855501767248,11.190120677153269,17.05322428420186
6,46.58,-3.42,34.5689938403666,10.884935567776362,17.337453335523605
6,46.75,-5.42,35.48844871111214,11.902219265699388,15.840662866830826
6,46.75,-3.58,34.690389689058065,10.986663937568665,17.119510486721992
6,46.92,-62.58,29.283272777684033,10.528886273503304,10.05838191881776
6,46.92,-14.08,35.66698199138045,13.580737367272375,15.438001653179526
6,46.92,-2.75,33.5329752182588,10.681478828191755,17.29456465691328
6,47.08,-2.92,33.51474888622761,10.54584100180202,17.08215583115816
6,47.42,159.92,32.89284948259592,12.5125894844532,5.391064194962382
6,47.58,-64.08,26.97098704520613,10.528886273503304,10.544114515185356
6,47.58,-60.08,30.963316722773015,10.528886273503304,8.341898873448372
6,49.58,-66.08,20.571340387687087,10.528886273503304,10.698660247027874
6,49.58,-62.08,30.232652742415667,10.528886273503304,8.82787561789155
6,70.92,-159.58,30.992817948572338,12.309132744868595,-0.7119662873446941
6,71.25,-158.25,31.0289315180853,13.962218753993511,-0.7418744266033173
6,71.25,-157.75,31.164738885127008,15.18295919150114,-0.6873073317110538
6,71.25,-154.42,30.703400750644505,10.528886273503304,-1.513992715626955
6,71.42,-156.25,31.216874672099948,16.683452645937603,-0.8217108473181725
6,71.42,-155.92,31.28588041290641,17.887238355146515,-0.8474277779459953
6,71.42,-154.75,31.02715127170086,10.681478828191755,-1.3620105385780334
6,71.42,-154.08,30.942716728895903,10.579750458399454,-1.5359660424292088
6,71.58,-156.42,30.72501802816987,11.342713231841724,-1.4696798399090767
6,71.58,-155.92,30.886766128242016,13.428144812583923,-1.3771477192640305
6,71.58,-154.92,31.297240080311894,13.428144812583923,-1.2221136912703514
6,71.58,-154.75,31.27231663092971,11.902219265699388,-1.285348042845726
6,71.58,-154.58,31.23493145685643,11.444441601634026,-1.3358866944909096
6,71.58,-154.42,31.18279566988349,11.190120677153269,-1.4098635613918304
6,71.75,-155.08,31.12163149053231,16.74703287705779,-1.390820011496544
6,71.75,-154.92,31.174148758873343,16.251107074320316,-1.394116010516882
6,71.92,-154.75,30.69958593696356,11.291849046945572,-1.661580227315426
6,71.92,-154.58,30.65787730738521,11.139256492257118,-1.6670735590159893
6,72.08,-154.58,30.32013913616538,10.83407138288021,-1.6870937012135985
6,72.42,-157.58,30.50096130464226,10.706910920639832,-1.6946622915565968
6,72.42,-154.58,29.995371331460777,10.757775105535984,-1.6734214089810848
6,72.58,-158.58,30.50248723011464,10.910367660224438,-1.6999114751815796
6,72.75,-158.42,30.35014900378883,10.681478828191755,-1.6868495531380177
6,72.92,-157.92,30.121599277481437,10.681478828191755,-1.6724041253328323
7,-58.58,29.92,33.92590102739632,99.94812332093716,-0.5277565643191338
7,-53.58,29.92,33.90275782439858,93.69182857871056,1.1477096043527126
7,-48.08,29.92,33.922849176451564,111.72318212439616,6.0259102284908295
7,-44.58,21.58,34.53169343993068,139.46959498524666,9.60463272035122
7,-43.08,29.92,34.71607610117644,129.7291035776337,10.976134534925222
7,-42.75,170.75,35.14206362888217,64.39405807852745,12.609851382672788
7,-42.08,21.08,35.03753773402423,90.25849609822036,12.806512657552958
7,-41.58,171.42,35.13901177793741,70.26887143403292,13.1205481197685
7,-41.42,171.08,35.2376882918179,105.83141404059198,13.81732638180256
7,-41.42,171.25,35.21937718614936,95.57380341986816,13.635761596262457
7,-41.25,170.92,35.26413766667247,120.92959959059954,14.123447377234696
7,-41.08,170.58,35.26159445755184,118.6661433627208,14.106967382133009
7,-36.58,18.92,35.451317857950926,49.87233329067627,17.824610128998756
7,-18.75,162.92,35.153889551293105,33.45591761544347,24.500167848542333
7,19.92,115.08,33.627328276634216,13.68246573706468,29.451185636222363
7,20.92,119.92,33.67920974269509,15.310119653741518,29.63763338327408
7,22.58,-158.08,35.08407846093178,23.499253422021862,25.72426526248455
7,27.58,-94.08,35.24786112830043,12.207404375076294,29.4582659304142
7,27.58,-93.92,35.23819693364203,12.207404375076294,29.48243658989668
7,27.58,-93.58,35.209204349666834,11.902219265699388,29.51197850704193
7,27.58,-93.42,35.23972285911441,11.902219265699388,29.52418591082096
7,27.58,-93.25,35.280159884132445,11.902219265699388,29.534440129995343
7,27.58,-93.08,35.351115418598056,11.902219265699388,29.54737997800112
7,27.58,-92.08,35.569322761148214,12.05481182038784,29.5727713778615
7,27.75,-94.08,34.91800690535456,11.87678717325131,29.435926381498575
7,27.75,-93.08,35.06169822067022,11.724194618562857,29.524552132934332
7,27.75,-92.75,35.105059936176986,11.82592298835516,29.541215239092708
7,27.75,-92.58,35.14994757715613,11.82592298835516,29.550309754908085
7,27.75,-92.42,35.17944880295545,11.749626711010931,29.55275123566389
7,27.75,-92.08,35.23260187357664,11.673330433666706,29.55336160585284
7,27.75,-91.92,35.256508039310575,11.673330433666706,29.55201879143715
7,27.75,-91.58,35.30355740804225,11.520737878978252,29.55616930872202
7,27.75,-90.58,34.94547356385738,11.571602063874405,29.542008720338345
7,27.92,-96.08,33.74431589618325,11.156211220555836,29.042888671159744
7,27.92,-95.92,33.882157830521464,11.190120677153269,29.07031463831663
7,27.92,-95.58,34.13749602623284,11.393577416737877,29.120853289961815
7,27.92,-94.08,34.3577379360795,11.444441601634026,29.40154219418764
7,27.92,-93.08,34.52592883259058,11.444441601634026,29.50766522437334
7,27.92,-92.08,34.546783147379756,11.291849046945572,29.51954709738493
7,27.92,-91.42,34.5922218170017,11.291849046945572,29.535172574222088
7,27.92,-91.25,34.54924158286303,11.215552769601343,29.538346499204636
7,27.92,-91.08,34.442681120708585,11.173165948854551,29.54436881840229
7,27.92,-90.75,34.26821697503328,11.139256492257118,29.55238501355052
7,27.92,-90.58,34.192259795963764,11.190120677153269,29.555436864495277
7,28.08,-95.08,33.85469117201865,11.291849046945572,29.25147251039743
7,28.08,-94.92,33.9060639962554,11.291849046945572,29.275887317955497
7,28.08,-94.58,33.87554548680782,11.24098486204942,29.32789085805416
7,28.08,-94.42,33.86333808302879,11.139256492257118,29.354258850216866
7,28.08,-93.08,34.02457754127681,11.139256492257118,29.514175839722157
7,28.08,-92.08,33.980834344401956,10.986663937568665,29.498306214809418
7,28.08,-91.08,33.673614682629704,10.83407138288021,29.56422619521618
7,28.08,-90.92,33.55815298855305,10.83407138288021,29.57325967401266
7,28.08,-90.58,33.393353037536144,10.884935567776362,29.58449048548937
7,28.25,-94.75,33.54556410340592,11.177404630929232,29.328073969110847
7,28.25,-94.25,33.55777150718495,11.139256492257118,29.39069795049727
7,28.25,-94.08,33.57442952692509,11.037528122464815,29.415784165263176
7,28.25,-93.75,33.59973445767537,11.062960214912891,29.45020904392004
7,28.25,-93.58,33.622241858392954,11.113824399809042,29.476699110120535
7,28.25,-93.42,33.61079741735011,11.062960214912891,29.500747695565224
7,28.25,-93.08,33.61562951467931,11.01209603001674,29.529068872332573
7,28.25,-92.92,33.58867149800062,10.986663937568665,29.53224279731512
7,28.25,-92.08,33.61766408197582,10.910367660224438,29.53273109346628
7,28.25,-91.58,33.49991349969059,10.83407138288021,29.56813256442547
7,28.25,-91.25,33.116397564299405,10.757775105535984,29.619769882410765
7,28.25,-90.58,32.3178299004212,10.681478828191755,29.636127803474665
7,28.42,-93.08,33.044085651636124,10.935799752672514,29.573992118239403
7,28.42,-92.58,33.045102935284376,10.969709209269949,29.608416996896267
7,28.42,-92.42,33.06171856820583,10.935799752672514,29.61403240263462
7,28.42,-92.25,33.04518770892173,10.884935567776362,29.61439862474799
7,28.42,-92.08,32.95558197423816,10.83407138288021,29.623961091041565
7,28.42,-91.75,32.74203718174249,10.83407138288021,29.656025871634483
7,28.42,-91.58,32.29570398107171,10.800161926282776,29.711610250175
7,28.42,-91.25,31.542659760452807,10.681478828191755,29.81765189766884
7,28.42,-91.08,31.221452448517084,10.681478828191755,29.824894957244396
7,28.42,-90.92,30.980356223881245,10.579750458399454,29.794701978564262
7,28.42,-90.75,30.744092096574605,10.528886273503304,29.76918850466609
7,28.42,-90.58,30.441365437582135,10.528886273503304,29.725363925099373
7,28.58,-93.08,32.549516251310706,11.088392307360968,29.639912098646164
7,28.58,-92.42,32.48237553052604,10.986663937568665,29.67873164266348
7,28.58,-92.25,32.382427412085235,10.986663937568665,29.693380527198315
7,28.58,-92.08,32.117679342627525,10.884935567776362,29.742454290390015
7,28.58,-91.92,31.852168310433623,10.83407138288021,29.779076501727104
7,28.58,-91.75,31.61870171315968,10.83407138288021,29.80581071600318
7,28.58,-91.58,31.07852409593761,10.681478828191755,29.890163876116276
7,28.58,-91.42,30.60243534855545,10.528886273503304,30.02224798500538
7,28.58,-91.08,29.97629726305604,10.427157903711,30.03128146380186
7,28.58,-90.92,29.71282079815865,10.528886273503304,29.914578683674335
7,28.58,-90.75,29.421369032934308,10.528886273503304,29.864772476255897
7,28.58,-90.58,28.827275382354856,10.528886273503304,29.775658428668976
7,28.75,-93.58,32.02180035877973,11.088392307360968,29.635395359247923
7,28.75,-93.08,32.04240035265684,11.139256492257118,29.70400096848607
7,28.75,-92.92,32.035279367119074,10.986663937568665,29.713888965547085
7,28.75,-92.58,31.998148513957855,10.910367660224438,29.73415325582027
7,28.75,-92.42,31.76213870756328,10.83407138288021,29.76516006141901
7,28.75,-92.25,31.540116551332176,10.83407138288021,29.801965383812785
7,28.75,-92.08,31.177709251642227,10.83407138288021,29.87075410410762
7,28.75,-91.92,30.928220436908305,10.757775105535984,29.921536903828382
7,28.75,-91.58,30.278176185674965,10.14740488678217,30.107577737420797
7,28.75,-90.58,27.28380176704377,10.528886273503304,29.890530098229647
7,28.92,-93.92,31.0124006588012,10.83407138288021,29.767113246023655
7,28.92,-93.58,31.004262389615175,10.935799752672514,29.746604807674885
7,28.92,-93.42,31.091748783364892,10.935799752672514,29.737815476953983
7,28.92,-93.25,31.095054955221713,10.986663937568665,29.747337251901627
7,28.92,-93.08,31.061738915741444,10.986663937568665,29.770612701773643
7,28.92,-92.92,31.10751667991281,10.935799752672514,29.780297242105007
7,28.92,-92.75,31.04851422831416,10.935799752672514,29.808740492910147
7,28.92,-92.58,30.483582708984613,10.681478828191755,29.927599914371967
7,28.92,-92.42,30.0510676112026,10.172836979230246,30.07083345204592
7,28.92,-92.25,29.834386194124814,10.09654070188602,30.143955800682303
7,28.92,-92.08,29.54242578707635,9.359010020891825,30.26037374138832
7,28.92,-91.92,29.27488018758595,8.087405398488045,30.404339723289013
7,28.92,-91.75,28.950112382881343,8.011109121143818,30.48551895841956
7,28.92,-91.58,27.932743960991505,7.171850070357323,30.6041342318058
7,28.92,-90.58,23.45127039588988,7.612673006123966,30.36234625428915
7,28.92,-90.25,23.65825370885432,9.460738390684128,30.22264472544193
7,28.92,-90.08,24.70625932328403,10.3254295339187,29.896755874156952
7,29.08,-93.92,29.92339851334691,10.986663937568665,29.976836442947388
7,29.08,-93.58,29.83540347777307,10.83407138288021,29.93655201047659
7,29.08,-93.42,29.895931854844093,10.83407138288021,29.88308358192444
7,29.08,-93.25,29.9455244326964,10.83407138288021,29.862208921462297
7,29.08,-93.08,29.956968873739243,10.78320719798406,29.86379588395357
7,29.08,-92.92,29.929502215236425,10.83407138288021,29.880886249244213
7,29.08,-92.75,29.62355415802449,10.757775105535984,29.95742667093873
7,29.08,-92.58,28.84863833896816,8.646911432345709,30.21024200320244
7,29.08,-92.42,28.452406357973818,6.866664960980415,30.474166072905064
7,29.08,-92.08,27.58618933148682,6.9683933307727175,30.674367494881153
7,29.25,-93.75,28.917813627049327,10.872219521552324,30.143101282417778
7,29.25,-93.58,28.86440623551607,10.65604673574368,30.10794395953417
7,29.25,-93.42,28.801843291148543,10.757775105535984,30.04275642335415
7,29.25,-93.25,28.852580313105136,10.681478828191755,29.996978659182787
7,29.25,-93.08,28.742586518637836,10.681478828191755,29.992339845746756
7,29.25,-92.92,28.405102668330073,10.681478828191755,30.03030487149954
7,29.25,-92.75,28.10716571984813,10.681478828191755,30.105563515797257
7,29.42,-93.75,26.96208581328392,9.409874205787975,30.384075433015823
7,29.42,-93.58,26.869513001292944,9.782878228359753,30.363322846591473
7,29.42,-93.42,26.689453795552257,9.96938023964564,30.305948048830032
7,29.42,-93.25,26.545253838412464,9.5878988529245035,30.2837305739522
7,29.42,-93.08,26.18316443986259,9.079257003962994,30.312845231965184
7,29.42,-92.92,26.04068114887923,8.392590507864952,30.418500311672688
7,29.58,-93.58,24.88479260355234,6.866664960980415,30.56254767626524
7,29.58,-93.42,24.701681546866897,7.171850070357323,30.569383822381496
7,31.08,-80.92,36.16443369537592,10.83407138288021,28.314920492470264
7,31.08,-80.58,36.15070036612451,11.088392307360968,28.2729270234704
7,31.08,-79.75,36.11255222931504,11.062960214912891,28.380474250763655
7,31.25,-81.08,36.00472016260028,10.910367660224438,28.50999480485916
7,31.25,-80.92,36.14154481329024,10.757775105535984,28.3497115932405
7,31.42,-81.25,35.03868217812851,7.286294486373663,29.381908619776368
7,31.42,-80.92,36.01133250631392,10.732343013087908,28.445539712905884
7,31.42,-80.58,36.120181856676936,10.95275448097123,28.31345560401678
7,33.42,-118.58,33.395896246656775,10.60518255084753,19.05658131837845
7,37.08,-76.42,20.695109898224473,7.731356104214986,26.895687729120255
7,38.58,-73.08,33.41675056144595,10.698433556490476,23.824142172932625
7,42.58,-10.42,35.7473473995924,12.17349491847886,18.540940582752228
7,42.58,-9.92,35.689701326191425,11.64789834121863,18.392986848950382
7,42.92,-10.42,35.737683204934,12.334564837316671,18.43961913138628
7,42.92,-9.92,35.685038776136935,11.698762526114782,18.217932678759095
7,42.92,-9.58,35.61128571163863,10.910367660224438,17.63130589015782
7,43.75,-125.08,30.660929158329964,10.681478828191755,14.032502219080923
7,43.92,-125.42,30.36667986307293,10.83407138288021,14.964659571647644
7,43.92,-124.58,31.807407829910517,10.681478828191755,12.84801783040166
7,44.08,-126.08,30.79487150534987,10.766252469685345,15.996185190975666
7,44.08,-125.42,30.136519437655807,10.732343013087908,15.202215649187565
7,44.25,-125.08,29.818109655752775,10.528886273503304,14.700003057718275
7,44.42,-125.42,29.9455244326964,10.681478828191755,15.550248730927706
7,44.42,37.75,18.46369821578264,10.528886273503304,23.3731192946434
7,44.58,-124.42,30.109561420977116,10.528886273503304,13.013672299683094
7,44.92,-125.42,30.00961330253631,10.681478828191755,15.86300241574645
7,44.92,-2.08,34.068066417239606,10.732343013087908,20.777825251221657
7,44.92,-1.92,33.70693072210997,10.681478828191755,20.90148625150323
7,45.08,-2.08,34.043227741494775,10.715388284789192,20.695791497826576
7,45.08,-1.58,32.68023720011115,10.528886273503304,20.9433576464653
7,45.25,-1.92,33.825189946219325,10.681478828191755,20.716544084250927
7,45.25,-1.58,32.92540255934,10.528886273503304,20.89941099286079
7,45.42,-2.08,34.05178987886757,10.681478828191755,20.55504013225436
7,45.42,-1.92,33.873256598599255,10.528886273503304,20.632679220288992
7,45.42,-1.75,33.72791219735518,10.528886273503304,20.66234321147203
7,45.58,-2.25,34.190903417766094,10.681478828191755,20.38084048032761
7,45.58,-2.08,34.04407547786832,10.596705186698172,20.433088168501857
7,45.75,-1.75,33.80382698960602,10.528886273503304,20.28806421160698
7,46.58,-125.25,30.73544518556446,10.65604673574368,15.405957218259571
7,46.58,-124.58,29.336595395579938,10.528886273503304,13.443942591547966
7,46.92,-62.58,27.905743557494137,10.528886273503304,15.828943759202955
7,47.58,-64.08,25.858587375842035,10.528886273503304,15.929654840379952
7,47.58,-60.08,30.508082290180027,10.528886273503304,13.790185254067184
7,49.25,-59.92,30.707724206149575,10.528886273503304,12.718497276306152
7,49.58,-66.08,20.74156585149467,10.528886273503304,14.61886451393366
7,49.58,-0.25,34.445224329829216,11.800490895907084,17.383434556424618
7,53.42,0.08,33.755378855858,8.69777561724186,17.14697714522481
7,53.42,0.25,33.854564011562616,10.071108609437944,16.872310560196638
7,57.92,-147.92,32.3109632357955,10.83407138288021,12.60301523655653
7,58.08,-148.08,32.29875583201647,10.681478828191755,12.671987067908049
7,58.25,-148.25,32.262642262503505,10.681478828191755,12.711661130189896
7,58.42,-148.42,32.18329413793981,10.681478828191755,12.731437124311924
7,58.58,-148.58,32.05765960738063,10.681478828191755,12.68907743319869
7,58.92,-148.92,31.870225095190108,10.681478828191755,12.714468833059072
7,58.92,-148.75,31.94372383877635,10.681478828191755,12.75048067420721
7,59.08,-149.08,31.80104980710894,10.681478828191755,12.802728362381458
7,59.08,-148.92,31.867427565157413,10.681478828191755,12.833572402596474
7,59.08,-147.25,32.13293859735131,10.681478828191755,12.916257217526436
7,59.25,-149.08,31.852168310433623,10.681478828191755,12.899166852235794
7,59.25,-148.08,32.021546037867665,10.757775105535984,12.982665494084358
7,59.25,-147.25,32.0764793548733,10.681478828191755,12.933591730892658
7,59.42,-149.42,31.686859717592597,10.757775105535984,12.9053926281631
7,59.42,-149.25,31.82241276372224,10.757775105535984,12.939817506819963
7,59.42,-149.08,31.86552015831694,10.757775105535984,12.94476150535047
7,59.42,-148.42,31.899217679165304,10.808639290432136,13.039063699543476
7,59.42,-148.08,31.800668325740844,10.83407138288021,13.103335680440068
7,59.42,-147.25,31.972716422751542,10.681478828191755,13.06543169170618
7,59.58,-149.08,31.602933816611767,10.859503475328289,12.93823054432869
7,59.58,-148.42,31.611411180347204,10.935799752672514,13.063559889793396
7,59.58,-148.25,31.524602975696325,10.935799752672514,13.100833162665367
7,59.58,-148.08,31.456953613087535,11.01209603001674,13.153324998915195
7,59.58,-147.25,31.567837530747056,10.78320719798406,13.248786896467209
7,59.75,-147.25,31.05410928837955,10.681478828191755,13.315927617251871
7,59.92,-147.25,30.854213051497936,10.681478828191755,13.29834895581007
7,59.92,-146.92,31.108533963561054,10.706910920639832,13.315561395138502
7,65.42,-168.58,31.866155960597094,10.986663937568665,7.374950420111418
7,65.58,-168.92,32.40963974967599,11.190120677153269,6.003692753612995
7,65.58,-168.75,32.19550154171884,10.681478828191755,6.769341118633747
7,65.58,-168.58,31.791894254274663,10.757775105535984,7.449049361050129
7,67.42,-169.08,32.42693357169628,10.83407138288021,6.069612734019756
7,68.08,-167.75,31.87353126704693,11.902219265699388,6.288857705891132
7,68.42,-167.58,31.50120545178652,12.63974994669358,6.5089571960270405
7,68.92,-166.92,31.02155621163547,12.74995568063524,6.492151670157909
7,69.08,-167.75,31.65684984996915,11.291849046945572,6.044953778386116
7,69.08,-167.42,31.5047659445554,11.495305786530176,6.170934185385704
7,69.25,-168.25,31.80486462078989,11.444441601634026,5.825220510363579
7,69.42,-168.58,31.79799795616418,11.215552769601343,5.625629458576441
7,69.58,-169.08,31.44932398572564,10.986663937568665,4.914426114410162
7,69.92,-164.58,31.022573495283723,11.749626711010931,5.421521667391062
7,70.42,-163.25,30.944751296192408,11.139256492257118,4.744132831692696
7,70.42,-149.42,27.038890728726983,9.375964749190542,2.092359200119972
7,70.58,-161.08,30.64668718725443,10.986663937568665,3.7355571314692497
7,70.58,-160.92,30.65482545644045,11.139256492257118,3.851039171218872
7,70.58,-151.42,27.704702876508236,10.681478828191755,1.499649055302143
7,70.58,-149.42,28.149255830794573,10.732343013087908,0.8045594841241837
7,70.75,-161.92,30.53529462777078,10.83407138288021,2.8495437651872635
7,70.75,-159.92,30.595060042105615,11.24098486204942,4.255470458418131
7,70.92,-162.58,30.17924535088241,10.732343013087908,0.9669179543852806
7,70.92,-162.42,30.173480743542314,10.647569371594322,0.9416079372167588
7,70.92,-160.08,29.900763952173293,10.706910920639832,0.3234657011926174
7,70.92,-159.75,29.91271703504026,10.83407138288021,0.6702780425548553
7,70.92,-159.58,29.967904672957957,10.83407138288021,0.9322489276528358
7,70.92,-159.42,30.07022645324469,10.800161926282776,1.4539119824767113
7,71.08,-163.08,30.06607254501432,10.528886273503304,0.015839125961065292
7,71.08,-159.92,29.70926030538976,10.528886273503304,-0.014557309448719025
7,71.08,-159.75,29.676198586821556,10.681478828191755,-0.006500422954559326
7,71.08,-158.08,30.194250284694135,10.60518255084753,1.2899258583784103
7,71.08,-157.92,30.275887297466397,10.681478828191755,1.433484926819801
7,71.08,-152.58,29.123050603084263,10.681478828191755,0.46482743695378304
7,71.08,-152.42,29.095329623669382,10.681478828191755,0.43272196501493454
7,71.25,-163.42,30.068615754134953,10.528886273503304,-0.21024199202656743
7,71.25,-160.08,29.728080052882433,10.528886273503304,-0.10684528201818466
7,71.25,-158.25,29.61210971698165,10.83407138288021,0.1810052990913391
7,71.25,-158.08,29.649113409686834,10.83407138288021,0.2588274981826544
7,71.25,-157.92,29.735709680244327,10.859503475328289,0.40073856711387634
7,71.25,-157.75,29.807428177446127,10.910367660224438,0.5164647549390793
7,71.25,-157.08,30.252998415380716,11.291849046945572,2.000579869374633
7,71.25,-152.42,29.178238241001964,10.528886273503304,-0.0034485720098018646
7,71.42,-163.58,30.079297232441604,10.528886273503304,-0.3795586824417114
7,71.42,-158.42,29.404075210914016,10.579750458399454,-0.23689482361078265
7,71.42,-157.08,29.518265300430357,10.65604673574368,0.1495101973414421
7,71.42,-156.92,29.592611780390143,10.884935567776362,0.30568358302116394
7,71.42,-156.25,30.019023176282644,11.037528122464815,1.2430494278669355
7,71.42,-156.08,30.068107112310827,11.139256492257118,1.326181847602129
7,71.42,-155.92,30.127024790272117,11.224030133750704,1.42062646150589
7,71.42,-155.25,30.147709557786584,10.986663937568665,1.4864650592207909
7,71.42,-155.08,30.13194166123867,10.910367660224438,1.4430067017674446
7,71.42,-154.58,29.974262695759535,10.859503475328289,1.0793481431901455
7,71.42,-152.58,29.1924802120775,10.60518255084753,-0.2850733771920204
7,71.42,-152.42,29.074814403429627,10.528886273503304,-0.3570970594882965
7,71.42,-152.25,29.00123088620603,10.528886273503304,-0.37736134976148605
7,71.58,-163.25,30.04394662566483,10.528886273503304,-0.5785393640398979
7,71.58,-162.92,30.001729354262352,10.528886273503304,-0.623950906097889
7,71.58,-158.58,29.464094946160913,10.681478828191755,-0.5547349266707897
7,71.58,-157.25,29.338969057425857,10.681478828191755,-0.2313608005642891
7,71.58,-156.25,29.4076357036829,10.528886273503304,0.041108451783657074
7,71.58,-156.08,29.412976442836225,10.528886273503304,0.060152001678943634
7,71.58,-155.75,29.52665789052844,10.681478828191755,0.28281504660844803
7,71.58,-155.58,29.566331952810287,10.681478828191755,0.33738214150071144
7,71.58,-155.42,29.69857882708311,10.986663937568665,0.5223243087530136
7,71.58,-155.08,29.93407999165356,11.59703415632248,0.8248237743973732
7,71.58,-154.42,30.05055896937847,10.528886273503304,0.918820783495903
7,71.58,-152.08,28.87966549023986,10.528886273503304,-0.4287545196712017
7,71.75,-155.92,29.31073943618685,10.55431836595138,-0.1600695624947548
7,71.75,-155.08,29.549928253982216,10.83407138288021,0.19583729468286035
7,71.75,-154.42,29.794457810930908,10.706910920639832,0.47837765514850616
7,71.75,-154.25,29.805902251973748,10.681478828191755,0.47874387726187706
7,71.75,-152.08,28.89683215180412,10.528886273503304,-0.3893856424838305
7,71.75,-151.92,28.880174132063985,10.579750458399454,-0.3503829874098301
7,71.92,-162.58,30.101168830879033,10.528886273503304,-0.921323262155056
7,71.92,-162.42,30.105831380933523,10.528886273503304,-0.9706411734223366
7,71.92,-158.58,29.36847028322518,10.630614643295608,-0.9240088909864426
7,71.92,-158.42,29.295904049649835,10.681478828191755,-0.8670410066843033
7,71.92,-154.92,29.37236987054348,10.528886273503304,-0.17895034700632095
7,71.92,-154.42,29.347107326611876,10.528886273503304,-0.1922971084713936
7,71.92,-154.25,29.298786353319883,10.528886273503304,-0.23282568901777267
7,71.92,-154.08,29.2641987092793,10.528886273503304,-0.2604144215583801
7,71.92,-151.92,28.79794370383024,10.681478828191755,-0.39347512274980545
7,72.08,-162.08,30.11719104833901,10.528886273503304,-1.03338722884655
7,72.08,-158.25,29.163487628102303,10.681478828191755,-0.966734804213047
7,72.08,-154.42,28.97681607864797,10.579750458399454,-0.6156498715281487
7,72.08,-154.08,28.93993954639882,10.681478828191755,-0.6158940196037292
7,72.08,-152.08,28.68053221609443,10.681478828191755,-0.5181127153337002
7,72.08,-151.75,28.623310010880232,10.681478828191755,-0.5301980450749397
7,72.25,-161.92,30.09023303166032,10.528886273503304,-1.0557267777621746
7,72.25,-158.08,29.049806180410087,10.681478828191755,-0.9797356892377138
7,72.25,-153.92,28.83897414430976,10.528886273503304,-0.6974394768476486
7,72.25,-151.58,28.513824858237054,10.681478828191755,-0.6814477778971195
7,72.42,-161.58,29.971719486638904,10.528886273503304,-1.1599780060350895
7,72.42,-158.08,29.067354323342443,10.55431836595138,-0.8877529017627239
7,72.42,-157.92,29.095838265493512,10.528886273503304,-0.8381501510739326
7,72.42,-153.92,28.712152782827616,10.681478828191755,-0.8197576627135277
7,72.42,-153.42,28.676717402413487,10.562795730100738,-0.7851700186729431
7,72.42,-151.58,28.450880432501435,10.681478828191755,-0.8239081799983978
7,72.58,-161.42,29.868465196341276,10.528886273503304,-1.2533646449446678
7,72.58,-161.08,29.85320594161749,10.528886273503304,-1.3018280379474163
7,72.58,-157.75,29.05972469598055,10.528886273503304,-0.9557481408119202
7,72.58,-157.58,29.03530988842249,10.528886273503304,-0.9835810214281082
7,72.58,-153.08,28.57982113491744,10.681478828191755,-0.9022797122597694
7,72.58,-152.75,28.524124855175614,10.681478828191755,-0.9015472680330276
7,72.58,-151.92,28.445285372436047,10.681478828191755,-0.9166844487190248
7,72.75,-160.92,29.63423563633114,10.528886273503304,-1.4118167459964752
7,72.75,-157.42,28.91959387343377,10.528886273503304,-1.1594897098839283
7,72.92,-160.92,29.155179811641577,10.579750458399454,-1.4654479399323463
7,72.92,-160.75,29.106011101976037,10.528886273503304,-1.437452293932438
7,72.92,-160.58,29.08261357806623,10.528886273503304,-1.3969237133860588
7,72.92,-157.42,28.782514901831743,10.528886273503304,-1.2720826640725136
7,72.92,-157.08,28.74055195134133,10.528886273503304,-1.2600787170231342
7,72.92,-152.42,28.36746317334473,10.681478828191755,-1.2020121663808825
7,73.08,-160.58,29.13220615591854,10.528886273503304,-1.187566738575697
7,73.08,-160.42,29.118727147579193,10.528886273503304,-1.1913510337471962
7,73.08,-160.25,29.097872832790017,10.528886273503304,-1.2208929508924484
7,73.08,-160.08,29.086428391747177,10.528886273503304,-1.2355418354272842
7,73.08,-157.08,28.66908777505159,10.528886273503304,-1.2637409381568432
7,73.08,-156.92,28.66705320775509,10.528886273503304,-1.2567827180027962
7,73.25,-160.08,29.003265453502536,10.528886273503304,-1.3734244611114264
7,73.42,-159.92,28.851520642638206,10.528886273503304,-1.4629250764846802
7,73.42,-159.75,28.824223531410095,10.528886273503304,-1.46284369379282
7,73.42,-156.75,28.559221141040325,10.528886273503304,-1.4030274152755735
7,73.42,-156.58,28.560747066512704,10.528886273503304,-1.404004007577896
7,73.58,-159.58,28.741569234989583,10.528886273503304,-1.5226599723100662
7,73.58,-159.42,28.710796404629946,10.528886273503304,-1.5236365646123886
7,73.58,-156.75,28.54091003537178,10.528886273503304,-1.439161330461502
7,73.75,-159.25,28.66298407316208,10.528886273503304,-1.5296181924641132
7,73.75,-157.92,28.53811250533909,10.528886273503304,-1.5063020512461662
7,73.75,-157.25,28.523361892439425,10.528886273503304,-1.4805444292724133
7,73.92,-158.92,28.56685076840222,10.528886273503304,-1.547888606786728
7,73.92,-158.42,28.52124255150557,10.528886273503304,-1.5445519164204595
8,-56.08,-0.08,34.18874169001356,77.24998081102967,-1.682515924796462
8,17.92,57.92,35.94546339008957,20.930612084766228,24.895504619926218
8,18.42,57.08,35.5282923206687,11.512260514828894,20.57111321389675
8,22.58,-158.25,35.09781179018319,23.346660867333412,26.19815667718649
8,22.58,-158.08,35.09781179018319,23.575549699366093,26.199987787753344
8,25.92,-97.08,35.75175562873483,11.037528122464815,28.44741151481867
8,25.92,-96.92,35.72293259203434,10.986663937568665,28.70336008071899
8,25.92,-96.75,35.737937525846064,11.342713231841724,28.96337778121233
8,25.92,-96.58,35.81601404584944,13.22468807299932,29.489761032164097
8,25.92,-96.42,35.88722390122712,14.801477804780006,29.81472212076187
8,26.08,-96.75,35.72038938291371,11.291849046945572,28.90563676133752
8,26.08,-96.42,35.869930079206824,14.648885250091553,29.78933072090149
8,26.25,-96.92,35.64638199750334,11.139256492257118,28.749992363154888
8,26.42,-96.92,35.584582015872,11.393577416737877,28.909176908433437
8,26.42,-96.42,35.84500662982464,14.089379216233889,29.770531319081783
8,26.58,-97.08,35.456912918016315,11.291849046945572,28.86571855098009
8,26.58,-96.58,35.76464122161269,13.377280627687773,29.480727553367615
8,26.75,-96.58,35.75650295242667,13.428144812583923,29.483901478350163
8,26.92,-97.08,35.34077303484082,11.30880377524429,28.976480394601825
8,26.92,-96.58,35.731749050319195,13.343371171090338,29.469740889966488
8,26.92,-96.42,35.78142640180886,14.038515031337738,29.61378825455904
8,27.08,-97.42,35.13901177793741,12.05481182038784,29.11914425343275
8,27.08,-97.25,35.110782156698406,11.902219265699388,29.064210936427116
8,27.08,-97.08,35.22853273898363,11.342713231841724,29.03271583467722
8,27.08,-96.92,35.387737629935145,11.444441601634026,29.06640826910734
8,27.08,-96.75,35.506759816780686,11.749626711010931,29.1927548982203
8,27.08,-96.58,35.67715482786298,12.919502963622412,29.42970060557127
8,27.08,-96.42,35.761589370667934,13.73332992196083,29.563005454838276
8,27.25,-96.92,35.2763450704515,11.444441601634026,29.075930044054985
8,27.25,-96.25,35.74671159731224,13.657033644616604,29.606585886329412
8,27.42,-96.92,35.00218712724745,11.546169971426329,29.18457593768835
8,27.42,-96.08,35.67037293687463,13.08905024660958,29.57635221630335
8,27.42,-95.92,35.68325852975249,13.529873182376226,29.656514167785645
8,27.58,-96.58,35.140029061585665,11.495305786530176,29.238532662391663
8,27.58,-96.25,35.45411538798362,11.82592298835516,29.31031219661236
8,27.58,-96.08,35.51591536961496,12.207404375076294,29.40186772495508
8,27.58,-95.92,35.53880425170064,12.5125894844532,29.4670552611351
8,27.58,-95.58,35.53982153534889,12.919502963622412,29.61769462376833
8,27.58,-95.42,35.5418561026454,13.122959703207016,29.693380527198315
8,27.58,-95.25,35.55101165547967,13.199255980551245,29.732566293329
8,27.58,-95.08,35.55101165547967,13.27555225789547,29.76882228255272
8,27.58,-94.92,35.531174624338746,13.27555225789547,29.78786583244801
8,27.58,-94.75,35.50523389130831,13.27555225789547,29.80617693811655
8,27.58,-94.58,35.4604734107852,13.173823888103168,29.837916187942028
8,27.58,-94.42,35.410626512020826,13.122959703207016,29.864772476255897
8,27.58,-94.08,35.38468577899039,13.22468807299932,29.927030235528942
8,27.58,-93.92,35.38468577899039,13.27555225789547,29.956328004598618
8,27.58,-93.75,35.37095244973898,13.27555225789547,29.97427288815379
8,27.58,-93.58,35.332295671105385,13.428144812583923,30.012726210057735
8,27.75,-96.42,35.03524884581566,11.673330433666706,29.313974417746067
8,27.75,-95.25,35.36599319195375,12.627033900469542,29.6344187669456
8,27.75,-94.58,35.27253025677055,12.741478316485882,29.80239264294505
8,27.75,-94.42,35.25345618836582,12.741478316485882,29.831812486052513
8,27.75,-93.92,35.225989529863,12.970367148518562,29.939481787383556
8,27.75,-93.75,35.203482129145414,13.008515287190676,29.956144893541932
8,27.75,-93.58,35.14689572621137,13.09752761075894,29.988311402499676
8,27.92,-155.08,35.433261073194444,22.8380190183719,25.293465983122587
8,27.92,-96.58,34.27533796057105,11.986992907192972,29.616799414157867
8,27.92,-96.42,34.44471568800509,11.953083450595535,29.533463537693024
8,27.92,-95.42,35.03372292034328,12.05481182038784,29.542252868413925
8,27.92,-94.58,35.00405214726925,12.224359103375011,29.74880214035511
8,27.92,-94.25,34.98235009610653,12.207404375076294,29.80996123328805
8,27.92,-93.92,34.88214765675366,12.359996929764748,29.90066224336624
8,27.92,-93.75,34.84247359447181,12.359996929764748,29.922513496130705
8,27.92,-93.58,34.76142999716103,12.359996929764748,29.951689191162583
8,28.08,-95.42,34.630878595635295,11.902219265699388,29.64650409668684
8,28.08,-94.58,34.700053883716464,12.00394763549169,29.759300507605076
8,28.08,-94.08,34.61104156449437,11.902219265699388,29.849879443645477
8,28.25,-95.42,34.2432935256511,11.749626711010931,29.73586229234934
8,28.25,-94.75,34.42182680591941,11.9403674043715,29.782555611804128
8,28.25,-94.08,34.30077005177736,11.800490895907084,29.873195584863424
8,28.42,-95.58,33.398778550326824,11.64789834121863,29.903429254889488
8,28.42,-94.75,33.874019561335444,12.156540190180143,29.86294136568904
8,28.42,-94.08,33.74228132888675,11.919173993998104,29.91400900483131
8,28.42,-91.25,30.96764017827809,10.859503475328289,30.160557869821787
8,28.42,-91.08,30.69229540415108,10.749297741386624,30.164504930377007
8,28.42,-90.92,30.54750203154981,10.681478828191755,30.131382174789906
8,28.42,-90.75,30.416018120013177,10.579750458399454,30.106356997042894
8,28.42,-90.58,30.27673503383994,10.579750458399454,30.062532417476177
8,28.42,-89.92,30.747398268431425,10.78320719798406,29.92532119899988
8,28.58,-95.58,32.76568902656436,11.037528122464815,30.158482611179352
8,28.58,-94.92,33.38267155922949,12.05481182038784,29.927030235528942
8,28.58,-94.08,33.27077035792172,12.00394763549169,29.963652446866035
8,28.58,-92.42,32.24585708230734,11.139256492257118,30.033967092633247
8,28.58,-92.25,32.03146455343813,11.139256492257118,30.03946042433381
8,28.58,-92.08,31.658884417265657,10.986663937568665,30.062532417476177
8,28.58,-91.92,31.395916594192386,10.986663937568665,30.08816796541214
8,28.58,-91.58,30.770287150517103,10.986663937568665,30.206091485917568
8,28.58,-91.42,30.384228006005287,10.681478828191755,30.338663890957832
8,28.58,-91.25,30.143894744105637,9.460738390684128,30.432782974094152
8,28.58,-91.08,29.893388645723466,10.579750458399454,30.31742300838232
8,28.58,-90.92,29.73265782929957,10.681478828191755,30.200964376330376
8,28.58,-90.75,29.56328010186553,10.681478828191755,30.14932705834508
8,28.58,-90.58,29.209265392273664,10.528886273503304,30.03030487149954
8,28.58,-90.42,28.917813627049327,10.528886273503304,29.951933339238167
8,28.58,-89.75,28.90102844685316,10.528886273503304,29.825586710125208
8,28.58,-89.58,28.480890300124884,10.528886273503304,29.803247161209583
8,28.75,-94.92,32.95464946422726,11.902219265699388,30.032868426293135
8,28.75,-94.08,32.90531120728701,11.953083450595535,30.03347879648209
8,28.75,-92.58,31.87429422978312,11.215552769601343,30.071077600121495
8,28.75,-92.42,31.588183203712106,11.139256492257118,30.09146396443248
8,28.75,-92.25,31.36043882695958,11.062960214912891,30.113803513348103
8,28.75,-92.08,30.99943029228598,10.986663937568665,30.156651500612497
8,28.75,-91.92,30.745109380222857,10.986663937568665,30.199499487876892
8,28.75,-91.75,30.570390913635492,10.948515798896551,30.24015014246106
8,28.75,-91.58,30.132195982150733,10.299997441470625,30.372844621539116
8,28.75,-91.42,29.626606008969247,7.324442625045776,30.596484258770943
8,28.75,-90.58,27.98928797710687,10.528886273503304,30.08413952216506
8,28.75,-90.42,27.523117745295167,10.528886273503304,29.954130671918392
8,28.75,-89.92,27.872554678469896,10.528886273503304,29.808008048683405
8,28.75,-89.75,27.577669580932707,10.528886273503304,29.81588182412088
8,28.92,-94.92,32.16701759956777,11.495305786530176,30.199743635952473
8,28.92,-94.08,32.1481978520751,11.953083450595535,30.220333456993103
8,28.92,-93.92,32.13039538823068,11.851355080803236,30.19095430523157
8,28.92,-93.58,31.98577156290412,11.834400352504518,30.16556290537119
8,28.92,-93.42,31.893876940011975,11.800490895907084,30.150914020836353
8,28.92,-93.25,31.82877078652382,11.851355080803236,30.147007651627064
8,28.92,-92.92,31.577501725405455,11.749626711010931,30.147495947778225
8,28.92,-92.75,31.370738823898137,11.571602063874405,30.155308686196804
8,28.92,-92.58,30.7818163651973,11.0205733941661,30.238156266510487
8,28.92,-92.42,30.36133912391961,10.427157903711,30.33768729865551
8,28.92,-92.25,30.121768824756145,10.223701164126396,30.385662395507097
8,28.92,-92.08,29.769788682460785,9.460738390684128,30.466271951794624
8,28.92,-91.92,29.445783840492368,8.138269583384195,30.571825303137302
8,28.92,-91.58,28.191134007647634,7.171850070357323,30.695038698613644
8,28.92,-90.75,25.238807313144207,7.019257515668869,30.653736982494593
8,28.92,-90.58,25.198115967214108,7.612673006123966,30.48035115748644
8,28.92,-90.42,24.88072346895933,8.138269583384195,30.520065911114216
8,28.92,-90.08,26.534657133743167,10.359338990516132,30.049104273319244
8,28.92,-89.92,26.77541426382959,10.478022088607151,29.934598825871944
8,28.92,-89.75,26.70700193848461,10.071108609437944,29.992828141897917
8,28.92,-89.58,26.86500788799354,7.782220289111137,30.159215055406097
8,29.08,-94.92,31.43711658194661,8.850368171930313,30.426557198166847
8,29.08,-94.08,31.42643510363996,11.749626711010931,30.41947690397501
8,29.08,-93.92,31.3089388422668,11.749626711010931,30.395794540643692
8,29.08,-93.58,31.153294444084167,11.546169971426329,30.3415936678648
8,29.08,-93.42,31.06784261763096,11.59703415632248,30.29032257199287
8,29.08,-93.25,31.010620412416756,11.520737878978252,30.26248969137669
8,29.08,-93.08,30.891343904659152,11.393577416737877,30.234656810760494
8,29.08,-92.92,30.724509386345744,11.291849046945572,30.225867480039597
8,29.08,-92.75,30.372020602226257,11.215552769601343,30.262855913490057
8,29.08,-92.58,29.68128500506282,8.69777561724186,30.471480444073677
8,29.08,-92.42,29.26267278380692,6.866664960980415,30.663869127631187
8,29.25,-94.08,30.83285009488463,10.14740488678217,30.524094354361296
8,29.25,-93.75,30.524231668096036,11.329997185617684,30.50987272895873
8,29.25,-93.58,30.396944051608443,11.164688584705194,30.473799850791693
8,29.25,-92.75,29.303109808824956,10.83407138288021,30.379680767655373
8,29.42,-94.08,29.275833891006187,9.21277548931539,30.62569047231227
8,29.42,-93.75,29.032512358389795,9.435306298236052,30.650929279625416
8,29.42,-93.42,28.637551981955767,10.121972794334091,30.581347078084946
8,29.42,-93.25,28.42036192305386,9.765923500061035,30.557054344564676
8,29.42,-93.08,28.00283056567423,9.174627350643275,30.553910938091576
8,29.58,-93.58,27.294228924438357,6.866664960980415,30.715384371578693
8,29.92,-150.08,35.37018948700279,20.676291160285473,24.508163698017597
8,30.75,-79.08,36.03600163478404,19.964192571739357,29.63393047079444
8,30.92,-78.92,36.03066089563072,20.6508590678374,29.640888690948486
8,31.08,-81.08,35.960468323901296,11.393577416737877,28.6152226254344
8,31.08,-80.92,36.05609298683703,11.444441601634026,28.522934652864933
8,31.08,-80.58,36.06677446514368,11.749626711010931,28.41941586881876
8,31.08,-79.92,36.03320410475135,11.59703415632248,28.527329318225384
8,31.08,-79.75,36.013367073610425,11.978515543043612,28.813348788768053
8,31.25,-81.08,35.8190658967942,11.24098486204942,28.696401860564947
8,31.25,-80.92,36.024048551917076,11.444441601634026,28.54161198064685
8,31.25,-80.08,36.0487176803872,11.59703415632248,28.393536172807217
8,31.25,-79.42,35.99429300520569,13.428144812583923,29.256477545946836
8,31.42,-81.25,34.648808219935745,7.286294486373663,29.36854151263833
8,31.42,-81.08,35.332126123830676,10.732343013087908,28.842198953032497
8,31.42,-80.75,35.975981899537146,11.41900950918595,28.52183598652482
8,31.42,-79.92,36.0342213883996,11.800490895907084,28.454084895551205
8,32.42,-66.08,36.42053485382348,13.27555225789547,27.721152372658253
8,33.08,-78.75,35.844752308912575,11.215552769601343,27.77156895026565
8,33.08,-77.58,35.96368972212076,13.597692095571094,28.36570329219103
8,33.08,-76.58,36.01692756637931,20.718677981032265,29.393892221152782
8,33.08,-76.25,36.03167817927897,20.549130698045097,29.320810563862324
8,33.08,-75.75,36.07643865980208,18.514563302199047,28.86547440290451
8,33.42,-118.58,33.39793081395328,10.60518255084753,19.518021181225777
8,33.42,-118.08,33.34177675656974,10.528886273503304,18.01807306408882
8,33.42,-74.58,36.15324357524514,15.335551746189594,28.118381291627884
8,33.58,-70.08,36.26141473650932,14.445428510506948,27.56042155623436
8,33.92,-77.58,35.8287300914526,11.927651358147465,27.76485487818718
8,33.92,-76.42,35.975981899537146,15.793329410254955,28.523300874978304
8,33.92,-75.92,36.001922632567585,20.218513496220112,29.149540688842535
8,33.92,-75.42,36.03167817927897,23.11777203530073,29.255378879606724
8,34.42,-76.58,35.74963628780097,11.469873694082102,27.57734915614128
8,34.42,-75.58,35.997090535238385,19.023205151160557,28.969725631177425
8,34.42,-74.58,36.09831025823951,19.252093983193237,28.761833544820547
8,34.92,-75.92,35.87374489288777,11.3681453242898,27.137516397982836
8,34.92,-75.08,35.99887078162283,18.61629167199135,29.104251220822334
8,34.92,-74.08,36.12348802853376,17.599007974068325,28.486678663641214
8,35.42,-72.42,36.18427072651684,15.793329410254955,27.665608685463667
8,35.58,-74.58,35.93774898909032,15.53053112162484,28.772616751492023
8,35.58,-73.58,36.105261696502566,18.531518030497764,28.66917935013771
8,35.92,-75.08,34.943947638385,11.64789834121863,26.72258674353361
8,36.08,-75.75,34.86816000659019,11.062960214912891,26.857966851443052
8,36.08,-74.42,35.18784139305353,12.817774593830109,27.48115481436253
8,36.08,-73.92,35.72852765209973,17.44641541937987,28.531235687434673
8,36.08,-72.42,36.11407815478742,18.20937819282214,28.332010857760903
8,36.42,-71.42,36.10187075100839,18.005921453237534,28.094821002334356
8,36.75,-74.92,33.152256812900305,10.986663937568665,25.61806084960699
8,36.75,-73.92,34.521011961624026,11.902219265699388,26.5138401389122
8,37.08,-76.42,21.900082379579544,7.731356104214986,27.24921414256096
8,37.58,-74.92,32.503738487139344,10.681478828191755,25.38465528935194
8,37.58,-74.08,33.88707470148802,11.30880377524429,25.54807173460722
8,38.08,-72.75,34.55661688931286,12.181972282628218,25.753929253667593
8,38.08,-72.42,34.58866132423282,12.05481182038784,25.825098417699337
8,38.25,-72.75,34.485915675759315,12.05481182038784,25.61329996213317
8,38.25,-72.58,34.526607021689415,12.207404375076294,25.65492720901966
8,38.58,-72.42,34.446750255301595,12.05481182038784,25.467177338898185
8,38.92,-150.08,33.54289373382926,11.444441601634026,21.25818658992648
8,41.58,-10.25,35.819574538618326,13.021231333414711,19.690145574510098
8,41.75,-10.08,35.78981899190694,12.741478316485882,19.554887540638447
8,41.75,-9.92,35.75497702695429,12.359996929764748,19.389599293470383
8,41.75,-9.42,35.63595484010875,10.935799752672514,18.238441117107868
8,41.92,-9.58,35.69025235483423,11.635182294994593,18.90319528989494
8,42.08,-9.58,35.684275813400745,11.749626711010931,18.86333811655641
8,42.25,-9.42,35.601875837892294,10.884935567776362,18.036286510527137
8,43.75,-150.08,32.84249394200742,11.291849046945572,16.67235328629613
8,48.42,-126.08,31.168553698807955,10.528886273503304,14.58244575932622
8,48.58,-128.92,32.208217587322,12.766910408933958,15.916430152952673
8,49.08,-134.92,32.3711525183171,12.495634756154484,15.046693325042725
8,49.42,-0.58,34.46607864461839,13.250120165447392,18.728324230760336
8,49.92,-144.92,32.498906389810145,12.359996929764748,13.312021248042583
8,53.42,0.08,33.83205661084503,8.735923755913973,17.913846250623465
8,53.42,0.25,33.91865288140252,10.185553025454285,17.730735193938017
8,64.25,-166.58,29.97146516572684,11.749626711010931,10.396954262629151
8,65.92,-167.42,30.712471529841423,12.427815842959616,9.686096794903278
8,66.42,-168.92,31.837417697533965,13.512918454077507,7.590085566043854
8,66.42,-167.92,31.109212152659893,13.85201302005185,8.933144129812717
8,66.92,-168.42,31.83673950843513,14.191107586026192,7.4177984073758125
8,67.42,-169.08,32.16116821859032,11.469873694082102,6.335367914289236
8,67.42,-167.42,32.13972048833966,12.326087473167313,6.743054509162903
8,67.92,-168.92,32.23110646940768,11.512260514828894,6.399945080280304
8,67.92,-168.08,32.27281509898603,11.3681453242898,6.445844918489456
8,68.08,-167.42,31.463565956801176,13.631601552168528,7.973479427397251
8,68.08,-167.25,31.20975368656218,13.122959703207016,8.42686240375042
8,68.58,-168.42,31.999674439430237,12.919502963622412,6.836725987493992
8,68.92,-169.08,32.16396574862301,12.207404375076294,6.501266531646252
8,70.25,-164.42,31.62353381048888,14.572588972747326,6.629810493439436
8,70.25,-163.92,31.454664724878967,15.081230821708838,6.885799750685692
8,70.25,-163.42,31.288084527477626,15.844193595151106,6.989928904920816
8,70.42,-168.42,31.47102603688836,12.275223288271162,5.266446948051453
8,70.42,-167.92,31.529011204838753,12.563453669349352,5.475193552672863
8,70.42,-167.42,31.67855190113187,12.74995568063524,5.814559377729893
8,70.42,-166.92,31.787570798769593,13.122959703207016,6.110466845333576
8,70.42,-166.42,31.79469178430736,13.529873182376226,6.1367534548044205
8,70.42,-165.92,31.693641608580947,13.597692095571094,5.855087958276272
8,70.42,-165.42,31.62938319146633,13.580737367272375,5.69468267261982
8,70.42,-164.92,31.606324762105945,13.1060049749083,5.699728399515152
8,70.58,-168.92,31.581570859998465,12.207404375076294,5.284188374876976
8,70.58,-168.58,31.540116551332176,12.436293207108974,5.2557451240718365
8,70.58,-166.58,31.76442759577185,13.27555225789547,5.972441799938679
8,70.58,-161.58,31.470686942338943,12.5125894844532,5.734031204134226
8,70.58,-161.42,31.42897831276059,13.122959703207016,5.606219686567783
8,70.75,-168.25,31.493575824424624,12.817774593830109,5.244026016443968
8,70.92,-167.92,31.557325599715114,12.597363125946789,5.33912169188261
8,70.92,-160.08,30.42186750099063,11.673330433666706,2.381511904299259
8,70.92,-149.42,29.751986218616366,11.59703415632248,2.7832168713212013
8,71.08,-167.58,31.56147950794548,12.588885761797428,5.24073001742363
8,71.08,-167.25,31.597338756546375,13.122959703207016,5.307382442057133
8,71.08,-160.75,30.288094701245427,10.83407138288021,1.7689443826675415
8,71.08,-157.42,30.947803147137165,14.343700140714644,4.5297708213329315
8,71.08,-152.75,30.028687370941043,12.359996929764748,3.3935056775808334
8,71.08,-152.58,30.025635519996285,12.207404375076294,3.356151022017002
8,71.08,-152.42,30.004272563382983,12.46172529955705,3.3251442164182663
8,71.08,-149.42,29.473250498995185,11.291849046945572,2.440839886665344
8,71.25,-166.92,31.54215111862868,12.86863877872626,5.114871684461832
8,71.25,-157.58,30.34302801825106,11.444441601634026,2.5206152703613043
8,71.25,-152.42,30.09455648716539,11.77505880345901,3.00347912684083
8,71.25,-149.25,29.10473949741572,11.215552769601343,2.316080220043659
8,71.42,-166.58,31.415244983509183,12.5125894844532,4.719840098172426
8,71.42,-163.58,30.426445277407765,11.062960214912891,1.7060762532055378
8,71.42,-161.42,30.17636304721236,10.681478828191755,1.2857753410935402
8,71.42,-157.92,29.902713745832443,10.884935567776362,1.8150883689522743
8,71.42,-155.25,30.671610636636615,13.122959703207016,3.8598285019397736
8,71.42,-155.08,30.673899524845183,13.27555225789547,3.8842433094978337
8,71.42,-152.75,29.983926890417933,11.393577416737877,2.543382078409195
8,71.42,-152.58,29.894660250283778,11.342713231841724,2.4413281828165054
8,71.42,-152.42,29.795559868216515,11.291849046945572,2.3570970967411995
8,71.42,-152.25,29.73927017301321,11.291849046945572,2.3243812546133995
8,71.42,-149.25,28.91679634340107,11.037528122464815,2.203039661049843
8,71.42,-149.08,28.88907536398619,11.088392307360968,2.1954710707068443
8,71.58,-166.08,31.265449966304004,12.207404375076294,4.269142750650644
8,71.58,-164.58,30.80156862270087,11.215552769601343,2.9902951307594776
8,71.58,-159.42,29.844050388783216,10.78320719798406,1.0177007541060448
8,71.58,-158.75,29.740287456661463,10.681478828191755,1.1639454513788223
8,71.58,-158.58,29.725791164673865,10.83407138288021,1.2196112126111984
8,71.58,-158.25,29.715872649103403,10.83407138288021,1.4129764884710312
8,71.58,-157.92,29.75808992050588,11.037528122464815,1.6192816123366356
8,71.58,-157.75,29.789117071777586,11.139256492257118,1.7279275059700012
8,71.58,-157.42,29.810480028390884,10.986663937568665,1.8832056820392609
8,71.58,-157.25,29.81505780480802,10.986663937568665,1.931547001004219
8,71.58,-157.08,29.820398543961343,10.986663937568665,1.9641407690942287
8,71.58,-156.75,29.801324475556612,10.83407138288021,2.0487380772829056
8,71.58,-155.75,29.963072575628757,10.83407138288021,2.2201300263404846
8,71.58,-155.58,29.98596145771444,10.910367660224438,2.2410046868026257
8,71.58,-155.42,30.086672538891435,11.037528122464815,2.374431610107422
8,71.58,-155.08,30.304879881441593,11.215552769601343,2.8115787394344807
8,71.58,-152.58,29.593798611313105,11.062960214912891,2.1395611613988876
8,71.58,-152.42,29.54446035437286,11.088392307360968,2.1285744979977608
8,71.58,-152.08,29.50148012023419,11.062960214912891,2.158970933407545
8,71.58,-149.08,28.753776638768613,10.986663937568665,1.9132358953356745
8,71.75,-159.08,29.7521133790724,10.681478828191755,0.855403320863843
8,71.75,-158.92,29.70595413353294,10.706910920639832,0.8945280499756336
8,71.75,-156.58,29.67886895639822,11.062960214912891,1.9141514506191015
8,71.75,-156.25,29.723502276465297,10.910367660224438,2.0033265352249146
8,71.75,-155.92,29.776146705262363,10.706910920639832,2.0630207397043705
8,71.75,-152.08,29.392757930327207,10.986663937568665,2.0699789598584175
8,71.75,-149.08,28.664128517266363,10.986663937568665,1.6028626542538404
8,71.92,-166.08,31.080558663234115,12.105676005283993,3.8422498404979706
8,71.92,-163.58,30.433057621121407,10.961231845120588,1.6518753804266453
8,71.92,-162.42,30.3786329459399,10.935799752672514,1.3872595578432083
8,71.92,-161.08,30.34684283193201,10.83407138288021,1.3488876186311245
8,71.92,-159.75,30.026652803644534,10.681478828191755,0.8865932375192642
8,71.92,-159.58,29.953154060058296,10.681478828191755,0.8153019994497299
8,71.92,-159.42,29.83540347777307,10.698433556490476,0.7331868633627892
8,71.92,-155.58,29.691712162457407,10.884935567776362,1.955229364335537
8,71.92,-155.42,29.69332286156714,10.884935567776362,1.9579963758587835
8,71.92,-155.25,29.70264796167612,10.83407138288021,1.9718314334750175
8,71.92,-155.08,29.71485536545515,10.859503475328289,1.9955137968063352
8,71.92,-153.75,29.59227268584073,11.037528122464815,1.9991760179400444
8,71.92,-152.42,29.170947708189487,11.054482850763533,1.729066863656044
8,71.92,-151.92,29.0568423923105,11.274894318646854,1.6649373024702072
8,71.92,-148.92,28.55583019554615,10.969709209269949,1.1841283589601517
8,72.08,-166.08,30.965605610981584,11.902219265699388,3.496780313551426
8,72.08,-160.08,30.133213265798982,10.83407138288021,1.0046388320624828
8,72.08,-159.92,30.0510676112026,10.78320719798406,0.8768273144960403
8,72.08,-159.75,29.979857755824924,10.681478828191755,0.7882015630602837
8,72.08,-159.42,29.770805966109037,10.732343013087908,0.648060567677021
8,72.08,-154.08,29.281746852211658,10.83407138288021,1.5872982144355774
8,72.08,-151.92,28.793196380138397,11.342713231841724,1.204718180000782
8,72.08,-151.75,28.75606552697718,11.291849046945572,1.1705374494194984
8,72.25,-164.25,30.710013094358143,11.444441601634026,2.6965849958360195
8,72.25,-160.58,30.211416946258396,10.83407138288021,1.1688894499093294
8,72.25,-159.75,29.93789480533451,10.681478828191755,0.7186193615198135
8,72.25,-159.58,29.879909637384117,10.681478828191755,0.6779687069356441
8,72.25,-159.08,29.613635642454028,10.681478828191755,0.5904416218400002
8,72.25,-153.58,29.006317304447293,10.83407138288021,1.2483596485108135
8,72.25,-152.08,28.676717402413487,11.329997185617684,0.9341410752385856
8,72.42,-166.08,30.41957861278206,11.342713231841724,1.862819317728281
8,72.42,-164.08,30.36261072847992,11.139256492257118,1.7569811269640925
8,72.42,-161.58,30.185857694596052,10.935799752672514,1.2115543261170387
8,72.42,-161.08,30.12456635478884,10.910367660224438,1.056276150047779
8,72.42,-159.58,29.68713438604027,10.83407138288021,0.5695669613778591
8,72.42,-159.42,29.590916307643056,10.817116654581492,0.5700145661830902
8,72.42,-159.25,29.51597641222179,10.83407138288021,0.5853145122528076
8,72.42,-159.08,29.46155173704028,10.910367660224438,0.6086306534707546
8,72.42,-158.92,29.39932788722217,10.918845024373796,0.6846827790141106
8,72.42,-158.75,29.365927074104548,10.884935567776362,0.7772148996591568
8,72.42,-152.08,28.59482606872916,11.088392307360968,0.6804101876914501
8,72.58,-166.08,30.108798458240926,11.139256492257118,1.0273446030914783
8,72.58,-163.92,30.038860207423568,11.139256492257118,0.8934293836355209
8,72.58,-161.92,30.01495404168963,10.83407138288021,0.8790246471762657
8,72.58,-161.75,30.00885033980012,10.83407138288021,0.8577837646007538
8,72.58,-161.58,29.992828122340143,10.83407138288021,0.8200628869235516
8,72.58,-161.42,29.967650352045897,10.884935567776362,0.7708670496940613
8,72.58,-161.25,29.93407999165356,10.986663937568665,0.7112949192523956
8,72.58,-159.25,29.32218387722969,10.83407138288021,0.8819544240832329
8,72.58,-159.08,29.326761653646827,10.83407138288021,0.9562975130975246
8,72.58,-158.92,29.351685103029013,10.83407138288021,1.116336576640606
8,72.58,-158.75,29.36948756687343,10.83407138288021,1.214484103024006
8,72.58,-158.58,29.39390237443149,10.83407138288021,1.3133640736341476
8,72.58,-158.42,29.4289986602962,10.83407138288021,1.4307992979884148
8,72.58,-153.08,28.645435930229723,10.986663937568665,0.5926389545202255
8,72.75,-163.75,29.75325782317668,10.986663937568665,0.3736381307244301
8,72.75,-162.08,29.76851707790047,10.986663937568665,0.5254371967166662
8,72.75,-161.75,29.81353187933564,10.910367660224438,0.5721305161714554
8,72.75,-158.92,29.38245793338865,10.808639290432136,1.2561113499104977
8,72.75,-158.42,29.381949291564524,10.910367660224438,1.3099460005760193
8,72.92,-169.08,29.60473441053182,10.78320719798406,-0.0637531466782093
8,72.92,-168.58,29.672638094052672,10.83407138288021,0.05563526228070259
8,72.92,-167.92,29.707225738093257,10.83407138288021,0.14560382813215256
8,72.92,-167.42,29.758937656879425,10.884935567776362,0.2534358948469162
8,72.92,-166.08,29.736472642980516,10.83407138288021,0.08835110440850258
8,72.92,-163.58,29.37915176153183,10.78320719798406,-0.02908411994576454
8,72.92,-163.08,29.284035740420222,10.78320719798406,-0.04971463233232498
8,72.92,-161.92,29.274201998487115,10.918845024373796,0.111423097550869
8,72.92,-161.75,29.296243144199252,10.935799752672514,0.15390486270189285
8,72.92,-160.92,29.33286535553634,11.07143757906225,0.3611865788698197
8,72.92,-160.75,29.325744369998574,11.088392307360968,0.4371166303753853
8,72.92,-160.58,29.323964123614132,10.986663937568665,0.5204931981861591
8,72.92,-158.08,29.179764166474342,10.884935567776362,0.7165441028773785
8,73.08,-166.92,29.634489957243204,10.681478828191755,-0.0643635168671608
8,73.08,-166.08,29.63499859906733,10.681478828191755,-0.13760793954133987
8,73.08,-165.75,29.616687493398786,10.83407138288021,-0.1676381528377533
8,73.08,-165.58,29.615924530662596,10.83407138288021,-0.16507459804415703
8,73.08,-165.08,29.59837638773024,10.681478828191755,-0.15591904520988464
8,73.08,-164.58,29.52894677873701,10.681478828191755,-0.1822870373725891
8,73.08,-163.42,29.290648084133863,10.681478828191755,-0.13199253380298617
8,73.08,-162.58,29.103213571943343,10.83407138288021,-0.02371286228299141
8,73.08,-162.42,29.096855549141765,10.83407138288021,0.060152001678943634
8,73.08,-162.25,29.114658012986183,10.83407138288021,0.12900175899267197
8,73.08,-162.08,29.13220615591854,10.83407138288021,0.17807552218437195
8,73.08,-161.92,29.17060861364007,10.83407138288021,0.25620290637016296
8,73.08,-160.42,29.371522134169936,10.83407138288021,0.937620185315609
8,73.08,-160.25,29.36033201403916,10.83407138288021,0.9156468585133553
8,73.25,-166.08,29.560609732288867,10.71962696686387,-0.26725056767463684
8,73.25,-164.08,29.376354231499135,10.681478828191755,-0.2747581209987402
8,73.25,-163.42,29.27004809025675,10.681478828191755,-0.19656969979405403
8,73.25,-163.08,29.19515058165416,10.681478828191755,-0.15353860147297382
8,73.25,-162.92,29.133477760478858,10.757775105535984,-0.10171817243099213
8,73.25,-157.58,28.904843260534108,10.795923244208096,0.30973237194120884
8,73.42,-166.08,29.402549285441637,10.681478828191755,-0.3990905284881592
8,73.42,-165.58,29.379406082443893,10.681478828191755,-0.35367898643016815
8,73.42,-162.92,29.088717279955745,10.83407138288021,0.010589942336082458
8,73.42,-159.75,28.992583975195885,10.83407138288021,0.03402815759181976
8,73.42,-159.58,28.96944077219814,10.808639290432136,0.015106681734323502
8,73.58,-166.08,29.208502429537475,10.681478828191755,-0.45841851085424423
8,73.58,-162.58,29.242072789929807,10.83407138288021,0.3578905798494816
8,73.58,-159.25,28.749961825087667,10.681478828191755,-0.26578567922115326
8,73.58,-159.08,28.739280346781015,10.681478828191755,-0.2635883465409279
8,73.58,-156.92,28.713339613750577,10.83407138288021,-0.08951076865196228
8,73.75,-166.08,29.114658012986183,10.681478828191755,-0.4003723058849573
8,73.75,-162.42,29.316080175340176,10.986663937568665,0.4040345661342144
8,73.75,-158.08,28.678243327885863,10.71962696686387,-0.30222477950155735
8,73.92,-166.08,29.1517888661474,10.681478828191755,-0.17972348257899284
8,73.92,-165.92,29.15026294067502,10.681478828191755,-0.14883875101804733
8,73.92,-165.58,29.154077754355967,10.681478828191755,-0.09720143303275108
8,73.92,-162.08,29.15509503800422,10.78320719798406,0.03036593645811081
8,74.08,-165.08,29.24893945455551,10.83407138288021,0.060884445905685425
8,74.08,-164.58,29.27488018758595,10.83407138288021,0.12350842729210854
8,74.25,-164.08,29.220709833316505,10.986663937568665,-0.031037304550409317
9,-54.08,-0.08,33.832438092213124,78.62331380322576,-1.224372060969472
9,-26.08,13.42,34.99532046262175,22.583698093891144,14.575487539172173
9,-24.08,13.92,34.84908593818545,15.36098383863767,13.783349107950926
9,-8.08,-14.92,35.98946090787649,38.01250084572368,24.340189822018147
9,-6.75,-25.08,36.05024360585958,42.95480414479971,25.741477701812983
9,-4.58,-12.75,35.87501649744809,21.31209347148736,24.29428998380899
9,-2.25,-13.25,35.976744862273335,20.447402328252792,24.624866478145123
9,-1.58,-12.92,35.98250946961343,18.24328764941957,24.532252974808216
9,1.25,-15.08,35.550630174111575,22.77443878725171,26.014862509444356
9,4.92,-17.08,34.856885112822056,20.36262868675921,27.456170327961445
9,7.75,66.92,36.31982377264649,24.00789527098338,28.646107356995344
9,7.75,67.08,36.324655869975686,23.957031086087227,28.637562174350023
9,7.92,66.92,36.34779907297343,23.9824631785353,28.6164433658123
9,8.58,-19.08,35.103406850248575,11.76658143930965,27.606646925210953
9,10.08,65.42,36.38755790889263,24.601310761438477,28.06678466498852
9,11.75,64.25,36.168248509056866,21.21036510169506,27.42902920022607
9,11.92,64.42,36.18096455466002,20.930612084766228,27.43440045788884
9,11.92,66.92,36.50242618750781,24.61826548973719,27.857631146907806
9,12.58,-20.92,35.6756289023906,11.291849046945572,28.172338016331196
9,13.92,63.08,36.01616460364312,20.065920941531655,26.895687729120255
9,14.08,66.92,36.466906033456326,22.397196082605255,27.59273048490286
9,15.08,64.42,36.14459666423499,19.92180575099256,27.04518773406744
9,15.75,62.08,36.00726337172091,19.07406933605671,26.514572583138943
9,15.92,61.92,36.00065102800727,18.84518050402403,26.475753039121628
9,17.42,60.42,36.037781881168485,16.225674981872242,26.4031189866364
9,18.58,58.75,35.94622635282576,13.27555225789547,26.123447366058823
9,18.92,58.92,35.95360165927559,13.479008997480074,26.151402320712805
9,19.08,58.42,35.882137482985854,12.588885761797428,25.60231329873204
9,19.25,58.08,35.74302394408733,11.062960214912891,24.49705496057868
9,19.42,58.08,35.71496387012303,10.715388284789192,23.888760030269623
9,21.92,-21.08,36.530486261472106,19.209707162446445,24.793898329138756
9,21.92,-20.75,36.5342163015157,19.17579770584901,24.671620834618807
9,22.58,-158.25,35.10238956660032,26.39851196110249,26.540940575301647
9,26.08,-21.92,37.1486556250602,22.125920429825783,24.859981074929237
9,26.08,-20.92,37.09982600994408,20.905179992318153,24.814569532871246
9,26.92,-96.92,35.309406789019704,14.90320617457231,28.990966513752937
9,26.92,-96.75,35.516424011439085,16.073082427183788,29.088381595909595
9,27.08,-152.92,35.452843783423305,28.026165877779324,25.66737876087427
9,27.08,-97.25,33.958708425052464,16.556292183697224,29.20886867120862
9,27.08,-97.08,34.52864158898592,14.95407035946846,29.06909389793873
9,27.25,-96.58,35.57313757482916,16.836045200626057,29.140263061970472
9,27.42,-97.42,33.72218997683376,9.231849558651447,29.243659771978855
9,27.42,-96.58,35.34602900035679,15.64921421971586,29.04500462114811
9,27.58,-97.08,33.350118482485414,14.852341989676155,29.248298585414886
9,27.58,-96.92,33.6405529640615,15.564440578222277,29.19751578569412
9,27.58,-96.08,35.563727701082826,17.75160052875678,29.111819811165333
9,27.58,-93.92,35.724967159330845,19.98962466418743,29.2707602083683
9,27.58,-93.75,35.7066560536623,19.98962466418743,29.2707602083683
9,27.58,-93.58,35.6756289023906,20.193081403772037,29.276375614106655
9,27.75,-96.25,35.02304144203663,15.717033132910728,29.033997612074018
9,27.75,-95.92,35.4052857728675,17.319254957139492,29.04516738653183
9,27.75,-93.92,35.64790792297572,19.684439554810524,29.232306886464357
9,27.75,-93.75,35.62692644773051,19.722587693482637,29.236884662881497
9,27.92,-96.75,32.78501741588116,13.479008997480074,29.252571176737547
9,27.92,-96.42,33.592231990769506,14.750613619883856,29.181890308856964
9,27.92,-95.58,35.17054757103324,16.886909385522205,29.030030205845833
9,27.92,-94.08,35.45793020166457,18.32806129091316,29.14510533213615
9,27.92,-93.92,35.44267094694078,18.107649823029835,29.156987205147743
9,27.92,-93.75,35.402488242834806,18.18394610037406,29.161015648394823
9,28.08,-96.42,32.60139771737158,14.648885250091553,29.234137997031212
9,28.08,-95.75,34.10901208408177,14.95407035946846,29.12646869570017
9,28.08,-95.08,35.076448833569884,17.44641541937987,29.02880946546793
9,28.08,-94.92,35.12070067226887,17.39555123448372,29.03051850199699
9,28.08,-94.75,35.13138215057552,17.39555123448372,29.02941983565688
9,28.08,-94.58,35.12070067226887,17.39555123448372,29.037842944264412
9,28.08,-94.42,35.14969325624406,17.548143789172173,29.050294496119022
9,28.08,-93.92,35.17715991474688,17.39555123448372,29.08252204209566
9,28.25,-95.92,32.87224948871881,14.191107586026192,29.185796678066257
9,28.25,-95.25,34.54962306423113,16.785181015729904,29.09186070598662
9,28.25,-94.25,34.931485913693905,17.128514263778925,29.037842944264412
9,28.25,-93.92,34.9032562924549,16.63258846104145,29.038209166377783
9,28.25,-91.75,33.78742329077795,13.962218753993511,28.98126162774861
9,28.25,-91.42,33.26288640964776,13.428144812583923,28.965330965816975
9,28.42,-95.58,32.350637298077345,13.258597529596752,29.14673298597336
9,28.42,-95.42,33.05968400090933,13.377280627687773,29.136478766798973
9,28.42,-92.92,34.0611997526139,15.615304763118424,28.989013329148293
9,28.42,-92.58,33.93149608746171,15.106662914156914,28.98014261573553
9,28.42,-92.08,33.410985954105854,13.936786661545437,28.965005435049537
9,28.42,-91.75,32.86487418226898,13.250120165447392,28.958372745662928
9,28.42,-91.42,31.94779297336936,12.563453669349352,28.984862811863422
9,28.42,-91.08,31.40998901799321,12.122630733582708,28.97916602343321
9,28.42,-90.92,31.293170945718884,11.953083450595535,28.952146969735622
9,28.42,-90.75,31.22043516486883,11.749626711010931,28.92211675643921
9,28.58,-95.42,31.531723961234093,12.5125894844532,29.11035492271185
9,28.58,-94.42,33.790093660354614,17.85332889854908,29.162358462810516
9,28.58,-94.25,33.814508467912674,17.85332889854908,29.15173802152276
9,28.58,-92.92,33.59324927441776,15.717033132910728,29.00854517519474
9,28.58,-92.58,33.44981228001416,14.90320617457231,28.98803673684597
9,28.58,-92.42,33.231604937464,14.343700140714644,28.980712294578552
9,28.58,-92.25,33.0378124024719,13.962218753993511,28.978881184011698
9,28.58,-92.08,32.65887424349785,13.173823888103168,28.97192296385765
9,28.58,-91.75,31.947538652457297,12.588885761797428,28.98364207148552
9,28.58,-91.58,31.28350675106049,12.207404375076294,29.006103694438934
9,28.58,-91.42,30.76723529957235,11.59703415632248,29.018799394369125
9,28.58,-91.08,30.275887297466397,11.64789834121863,29.014893025159836
9,28.58,-90.92,30.172124365344644,12.05481182038784,28.9675282984972
9,28.58,-90.58,30.09938858449459,11.24098486204942,28.829584635794163
9,28.75,-94.42,33.20871605537832,16.40369962900877,29.169316682964563
9,28.75,-92.92,33.14233829732984,15.945921964943407,29.04956205189228
9,28.75,-92.58,32.83410135190934,14.470860602955025,29.014282654970884
9,28.75,-92.42,32.52967922016978,13.809626199305058,29.00671406462789
9,28.75,-92.25,32.2771385544911,13.542589228600264,29.000671399757262
9,28.75,-92.08,31.81986955460161,13.04666342586279,28.986571848392487
9,28.75,-91.92,31.43711658194661,12.665182039141657,28.976683851331472
9,28.75,-91.75,31.095309276133776,12.359996929764748,28.9675282984972
9,28.75,-90.58,28.948586457408965,11.062960214912891,28.776482429355383
9,28.92,-95.25,30.179143622517586,9.338664346933363,28.99082002490759
9,28.92,-95.08,30.42864939197898,11.342713231841724,29.003173917531967
9,28.92,-94.92,30.954415490850806,12.156540190180143,29.002441473305225
9,28.92,-94.58,32.02900611795485,13.377280627687773,29.08610288053751
9,28.92,-92.92,32.287057070061564,15.41184802353382,29.075685895979404
9,28.92,-92.58,31.50120545178652,13.03818606171343,28.989664390683178
9,28.92,-92.42,31.087171006947756,11.749626711010931,28.954344302415848
9,28.92,-92.25,30.804620473645627,11.317281139393648,28.93115023523569
9,28.92,-92.08,30.2875860594213,10.054153881139223,28.891028568148613
9,28.92,-91.92,29.810480028390884,8.494318877657255,28.862056329846386
9,28.92,-91.58,28.54769192636013,7.171850070357323,28.855220183730125
9,28.92,-90.75,26.27109589520842,7.019257515668869,28.874752029776573
9,29.08,-94.75,29.905850370414555,11.520737878978252,28.943723861128092
9,29.08,-93.08,31.53070667758584,13.987650846441587,29.019775986671448
9,29.08,-92.92,31.35471660643816,13.580737367272375,29.007080286741257
9,29.08,-92.75,30.972472275607288,12.588885761797428,28.944456305354834
9,29.08,-92.58,30.07497377693653,8.952096541722616,28.826654858887196
9,29.08,-92.42,29.45341346785426,6.714072406291962,28.80053101480007
9,29.25,-92.92,29.84099853783846,11.59703415632248,28.806756790727377
9,29.42,-92.92,27.595599205233157,8.621479339897633,28.723258148878813
9,30.42,-21.58,37.14356920681894,22.36328662600782,24.63992227613926
9,31.08,-80.92,35.83025601692498,14.4962926954031,27.782433539628983
9,31.08,-80.58,35.949786845594645,16.378267536560696,27.517532877624035
9,31.08,-79.75,35.94622635282576,16.098514519631863,28.586291078478094
9,31.25,-81.08,35.38315985351801,12.817774593830109,27.898281801491976
9,31.25,-80.92,35.77532269991934,14.4962926954031,27.77364420890808
9,31.42,-81.25,33.607745566405356,7.286294486373663,27.875270845368505
9,31.42,-80.92,35.59068571776152,13.580737367272375,27.75630969554186
9,31.42,-80.58,35.8985835686326,15.42880275183254,27.51533554494381
9,33.08,-118.08,33.429805701598525,11.325758503543009,19.96513769030571
9,33.42,-118.58,33.45006660092622,11.164688584705194,19.6586504727602
9,33.42,-118.25,33.39869377668947,10.757775105535984,18.700308239087462
9,33.42,-118.08,33.386028595268726,10.620441806316377,18.33097323775291
9,34.75,-20.58,36.68426563963294,21.871599505345028,23.96859645098448
9,38.08,-24.92,36.22292750515044,19.328390260537464,22.86040833592415
9,38.92,-17.92,36.29947809968144,23.804438531398773,21.91042817384005
9,42.58,-9.75,35.685801738873124,13.885922476649284,18.073152869939804
9,42.58,-9.42,35.52676639519632,10.884935567776362,16.62730796635151
9,42.92,-14.92,35.89917698409408,25.304931985835236,19.78560747206211
9,42.92,-9.58,35.611667193006724,12.321848791092634,17.185247356072068
9,45.42,-1.42,33.08435312937945,9.842219777405262,19.959929198026657
9,46.92,-62.58,27.965636132285,10.948515798896551,15.518936740234494
9,46.92,-11.75,35.66011532675475,24.64369758218527,17.96072268113494
9,47.25,-8.58,35.64867088571191,23.11777203530073,17.8014160618186
9,47.25,-7.42,35.62578200362623,21.36295765638351,17.769920960068703
9,47.42,-7.42,35.59526349417865,20.59999488294125,17.530411697924137
9,47.58,-64.08,26.814071042463183,10.732343013087908,14.939756467938423
9,47.58,-60.08,30.28834902215749,10.757775105535984,14.511398669332266
9,47.58,-8.08,35.58322563767433,21.430776569578384,17.356985181570053
9,48.25,-10.08,35.57084868662059,24.10962364077568,17.2213202342391
9,48.42,-126.92,31.877346080727875,12.5125894844532,14.806817840784788
9,48.92,-130.92,32.226783013902605,17.98048936078946,15.787926882505417
9,49.08,-138.92,32.46084302663803,19.17579770584901,14.393515840172768
9,49.42,-138.92,32.44244714733213,19.30295816808939,14.295693844556808
9,49.42,-5.58,35.228024097159505,17.777032621204853,16.445539724081755
9,49.42,-0.25,34.3508712714538,13.73332992196083,18.19034394621849
9,49.58,-66.08,23.308342043310404,10.528886273503304,12.078747935593128
9,49.58,-62.08,29.52894677873701,10.935799752672514,12.507065042853355
9,49.92,-145.08,32.46940516401082,19.722587693482637,13.226203199476004
9,49.92,-134.92,32.326222490519285,18.234810285270218,14.896176036447288
9,62.92,-166.58,28.76331367297098,13.084811564534904,9.177251514047384
9,63.92,-172.42,32.34283812344074,12.953412420219845,6.400677524507046
9,64.58,-167.25,29.8379466868937,11.902219265699388,8.82384717464447
9,65.08,-169.92,32.56477550603449,16.63258846104145,4.315164662897587
9,65.08,-169.08,32.552568102255464,15.564440578222277,4.844477690756321
9,66.42,-167.75,31.187882088124752,16.836045200626057,7.701498471200466
9,66.58,-169.08,31.79418314248323,14.26740386337042,6.334269247949123
9,67.92,-169.08,32.086652191355824,18.031353545685608,5.139652714133263
9,68.08,-169.08,32.13675341103226,17.09036612510681,5.17114781588316
9,69.92,-166.42,31.6946588922292,19.837032109498978,6.247759446501732
9,69.92,-163.92,31.158041767776012,22.51587918069627,6.545050419867039
9,70.08,-169.08,31.911679403856397,19.150365613400936,4.530625339597464
9,70.92,-162.08,31.403291900642216,14.95407035946846,3.1109042800962925
9,71.08,-160.75,30.854213051497936,13.27555225789547,1.8692892417311668
9,71.25,-163.42,31.05665249750018,14.292835955818497,2.064363554120064
9,71.25,-163.08,31.027787073981017,14.419996418058872,2.0340891927480698
9,71.25,-152.08,30.565050174482167,15.221107330173254,2.654652563855052
9,71.42,-163.92,31.015452509745955,13.597692095571094,1.896389678120613
9,71.42,-158.25,30.634988425299525,12.766910408933958,1.91152685880661
9,71.42,-152.08,30.357778631150723,14.241971770922342,2.2594378665089607
9,71.58,-160.08,30.575731652788814,12.359996929764748,1.2862636372447014
9,71.58,-155.42,30.75095876120031,12.817774593830109,2.4491409212350845
9,71.58,-151.92,30.078534269705415,13.631601552168528,2.021149344742298
9,71.75,-161.42,30.806909361854196,13.021231333414711,1.5942564345896244
9,71.75,-158.92,30.44221317395568,12.665182039141657,1.2109439559280872
9,71.92,-162.58,30.891343904659152,13.809626199305058,1.657490786164999
9,71.92,-161.92,30.90812908485532,13.648556280467243,1.6876430734992027
9,71.92,-154.92,30.39880907163024,13.292506986194187,2.044343411922455
9,72.08,-158.92,30.376598378643394,12.716046224037806,1.068483553826809
9,72.08,-156.42,30.440178606659178,13.580737367272375,2.068514071404934
9,72.42,-168.92,30.930509325116873,15.259255468845367,1.706198327243328
9,72.42,-153.92,29.52614924870431,12.953412420219845,1.2082990184426308
9,73.08,-152.92,29.079053085297343,13.122959703207016,0.25888853520154953
9,73.25,-151.42,28.974018548615277,12.894070871174335,-0.03970456123352051
9,73.92,-156.25,29.170099971815944,13.27555225789547,-0.10733357816934586
9,74.92,-165.08,29.641865263693035,12.944935056070486,-0.37089142575860023
10,-76.75,168.92,34.67055265791714,229.23216528072953,-1.8033692222088575
10,-76.58,-178.08,34.47650580201298,74.82121598223846,-1.7234717644751072
10,-76.58,168.92,34.63876254390925,265.5110451579094,-1.7882930785417557
10,-58.92,61.92,33.8033183477819,67.06442778557539,-1.4239020757377148
10,-52.92,-0.08,33.74558750074357,83.95133717109759,-0.4150822274386883
10,-52.08,61.75,33.825952908955514,127.03330177813768,1.8180181458592417
10,-48.08,73.42,33.78704180940986,69.04813099652529,3.147892713546753
10,-38.58,-38.25,35.36866356153041,51.11850582063198,14.52922147884965
10,-33.25,-46.75,35.93554487451911,32.04443648457527,18.448896758258343
10,-30.25,-42.58,36.11255222931504,31.319621849805117,19.532731102779508
10,-30.08,-27.42,35.913164634257555,32.909127627809845,19.1100497469306
10,-27.42,-38.92,36.37552005238831,33.21431273718675,21.20874660462141
10,-24.75,-35.25,36.70308538712561,32.80739925801754,22.467452008277174
10,-21.92,-31.58,37.03471985645592,32.34962159395218,23.583086639642715
10,-19.25,-28.42,37.14560377411544,31.12888115644455,24.029755543917418
10,-19.08,-25.08,37.01844331808388,32.247893224159874,23.57299518585205
10,-16.58,-25.08,37.08558403886855,34.53678154448668,24.01384522765875
10,-13.92,-21.75,36.745048337616026,35.19801594813665,24.107394631952047
10,-11.08,-18.42,36.38035214971751,37.84295356273651,24.35972166806459
10,28.08,-96.42,31.345561053603888,13.122959703207016,26.277993097901344
10,28.25,-95.92,32.12302008178085,13.199255980551245,26.323770862072703
10,28.58,-95.42,30.77486492693424,11.902219265699388,25.880275882780552
10,30.25,-116.58,33.53170361369848,16.556292183697224,19.82174138724804
10,32.58,-117.58,33.171076560392976,11.274894318646854,18.63615833222866
10,33.42,-118.58,33.48033078946173,14.292835955818497,18.786065250635147
10,33.42,-118.25,33.429975248873234,12.474441345781088,17.923001803457737
10,33.42,-118.08,33.42020932585001,11.65807117819786,17.737839902937413
10,36.25,-72.08,36.2804040312767,43.743199010690056,25.859767444431785
10,37.08,-76.42,21.772921923547983,7.731356104214986,20.05905331671238
10,44.42,37.58,18.583483365364373,16.708884738385677,18.818536944687366
10,44.92,-2.08,35.08891055826098,22.10048833737771,18.195471055805683
10,44.92,-1.92,35.03067106939852,21.820735320448875,18.297280803322792
10,44.92,-1.58,34.13164664525539,13.707897829512754,18.053987246006727
10,45.08,-2.42,35.12578709051013,23.36361559563213,17.85073397308588
10,45.08,-2.08,35.05830727517605,22.31242244111167,18.044180631637573
10,45.08,-1.58,34.16123264469206,14.055469759636456,17.959542632102966
10,45.25,-1.92,34.942167392000556,21.36295765638351,18.08413953334093
10,45.25,-1.58,34.244819451123476,14.750613619883856,17.90371410548687
10,45.42,-2.08,35.002441448159516,22.380241354306538,17.947416611015797
10,45.42,-1.92,34.91546369623393,21.515550211071968,18.02334666252136
10,45.42,-1.75,34.78461558697745,19.722587693482637,18.009979555383325
10,45.58,-2.25,35.034231562167406,22.583698093891144,17.754539631307125
10,45.58,-2.08,34.97234680689871,22.26155825621552,17.847804196178913
10,45.58,-1.58,34.15784169919789,14.02156030303902,17.63433739542961
10,45.75,-1.75,34.6163823036477,18.692587949335575,17.686056096106768
10,47.58,-64.08,27.67825350165367,12.46172529955705,10.620899084955454
10,52.92,0.75,33.94116028212011,10.528886273503304,13.640034187585115
10,53.58,-0.08,33.85113067924976,10.643330689519644,13.15680410899222
10,53.58,0.08,34.00321458466351,16.708884738385677,13.346446126699448
10,53.92,0.25,34.221930569037795,27.65740053728223,13.307504508644342
10,54.58,-0.42,34.48286382481456,26.958017994960148,12.623889897018673
10,55.42,-1.42,34.522537887096405,23.42295714467764,12.44724876433611
10,62.08,-167.25,28.72096924111247,14.292835955818497,5.472182393074036
10,62.25,-167.58,29.59837638773024,15.335551746189594,5.334482878446579
10,62.42,-168.08,30.606631643604487,19.913328386843204,5.073366511613131
10,62.42,-167.92,30.25605026632547,17.344687049587566,5.169560853391886
10,62.58,-168.92,31.31249933503568,26.296783591310184,4.567613773047924
10,62.58,-168.58,31.179998139850795,23.575549699366093,4.707144398242235
10,62.75,-169.08,31.470686942338943,24.79629013687372,4.405743598937988
10,63.75,-172.08,32.03070159070194,20.905179992318153,4.223364986479282
10,63.92,-172.42,32.36470972187817,18.005921453237534,3.757367692887783
10,63.92,-172.25,32.34860273078084,19.023205151160557,3.759727790951729
10,64.08,-169.58,32.37632371019572,30.976288601756096,3.784264672547579
10,64.42,-171.08,32.55205946043134,30.798263954619568,2.961729805916548
10,64.42,-170.58,32.534765638411045,32.09530066947142,3.111026354134083
10,64.42,-170.42,32.520015025511384,31.891843929886814,3.1837010979652405
10,64.42,-170.25,32.50526441261172,31.58665882050991,3.245307795703411
10,64.42,-169.92,32.47491545043886,30.688058220677902,3.3558254912495613
10,64.42,-169.75,32.466098992154,29.50122723976771,3.393993973731994
10,64.42,-169.58,32.4709310894832,29.32320259263118,3.3960692323744297
10,64.42,-169.08,32.484155776910484,31.790115560094517,3.445631291717291
10,64.42,-168.92,32.45270475745201,31.111926428145832,3.5788954496383667
10,64.42,-168.42,32.25535172969103,27.347976745830643,4.189265638589859
10,64.42,-167.58,31.49764495901763,18.7688842266798,4.621448423713446
10,64.42,-167.25,30.75197604484856,15.157527099053064,4.760979048907757
10,64.92,-167.92,31.579197198152546,17.85332889854908,4.422345668077469
10,65.08,-168.25,32.15735340490937,25.177771523594856,3.979461058974266
10,65.58,-168.92,32.11208428256214,22.278512984514236,3.437452331185341
10,65.58,-168.75,31.940671987831593,18.31110656261444,3.751670904457569
10,65.58,-168.58,31.51112396735698,18.31110656261444,4.088229026645422
11,-76.75,-178.42,34.39232558012009,34.66394200672706,-1.7854853756725788
11,-76.75,169.42,34.56869713263586,66.83553895354271,-1.896389639005065
11,-76.58,-178.08,34.35621201060712,27.1106105496486,-1.8266243264079096
11,-76.58,169.75,34.549495903775096,58.13776333630085,-1.904995858669281
11,-76.58,175.92,34.460737905465066,69.70936540017526,-1.6707357801496985
11,-73.58,176.75,34.38113545998931,38.30073122680187,-1.8578752800822256
11,-69.42,-85.25,33.849604753777385,46.08295151591301,-1.8160038851201536
11,-69.25,-85.25,33.85113067924976,41.238137904554605,-1.8053834438323977
11,-69.08,-85.42,33.847061544656754,34.89283083875974,-1.7821893766522408
11,-69.08,-85.25,33.84782450739294,34.53678154448668,-1.7764518968760967
11,-68.92,-85.42,33.84655290283263,33.875547140836716,-1.76143679022789
11,-68.92,-85.25,33.84578994009644,33.11258436739445,-1.7585070133209229
11,-68.75,-85.25,33.84578994009644,34.02813969552517,-1.750816348940134
11,-68.58,-85.25,33.840703521855175,36.44418847809235,-1.73689990863204
11,-68.58,-85.08,33.84180557914078,36.01184290647507,-1.7288023307919502
11,-68.42,-85.08,33.83027636446059,31.53579463561376,-1.7101656943559649
11,-68.25,-85.08,33.82086649071425,29.475795147319634,-1.7007659934461117
11,-68.08,-85.08,33.812982542440295,30.29809946980741,-1.6830652579665184
11,-67.92,-85.08,33.802301064133644,31.53579463561376,-1.677449852228165
11,-67.75,-85.08,33.7984862504527,32.019004392127194,-1.6768394820392132
11,-67.58,-85.08,33.79602781496942,33.43472420507007,-1.6565345004200935
11,-67.42,-85.08,33.79314551129937,33.82468295594057,-1.6327707543969154
11,-67.25,-85.08,33.783735637553036,33.08715227494637,-1.6169011294841766
11,-67.08,-85.08,33.754658279940486,31.53579463561376,-1.565548650920391
11,-66.42,-84.58,33.73210849240422,35.29974431792895,-1.3305154368281364
11,-66.25,-84.58,33.73897515702993,35.96097872157892,-1.3046357408165932
11,-66.08,-84.58,33.745333179831505,37.741225192944206,-1.2440870180726051
11,-65.92,-84.75,33.75041959807277,40.51332326978445,-1.163029856979847
11,-65.92,-84.58,33.75245416536927,40.182706067959465,-1.1517990455031395
11,-65.75,-84.92,33.75576033722609,43.25998925417662,-1.0879543237388134
11,-65.75,-84.75,33.75614181859419,43.75591505691409,-1.0793481040745974
11,-65.58,-85.08,33.760083792731166,46.38813662528992,-0.9727571234107018
11,-65.58,-84.92,33.761609718203545,45.82863059143225,-0.9633167311549188
11,-65.42,-85.25,33.753471449017525,46.23554407060146,-0.8532059490680695
11,-65.42,-85.08,33.75703194178641,46.08295151591301,-0.8632160201668739
11,-65.42,-84.92,33.7626270018518,46.08295151591301,-0.8502761721611023
11,-65.42,-84.75,33.76720477826893,47.22739567607641,-0.837458398193121
11,-65.42,-84.58,33.769747987389565,47.10023521383604,-0.8446607664227486
11,-65.42,-84.42,33.76720477826893,45.7777664065361,-0.8605303913354874
11,-65.42,-84.25,33.766441815532744,45.09109991043806,-0.8711508326232433
11,-65.42,-84.08,33.76618749462068,44.760482708613075,-0.8827478662133217
11,-65.42,-83.92,33.764152927324176,44.40443341434002,-0.8964201584458351
11,-62.92,-62.42,33.75279325991869,26.161145764920448,-0.9199397563934326
11,-62.92,-62.25,33.76517021097243,25.73727755745252,-0.8971526026725769
11,-62.75,-62.58,33.75041959807277,27.085178457200527,-0.9370708130300044
11,-62.75,-62.42,33.75804922543466,27.46665984392166,-0.9240088909864426
11,-62.58,-62.75,33.74736774712801,29.984436996281147,-0.9000823795795441
11,-62.58,-62.58,33.7481307098642,29.641103748232126,-0.90868859924376
11,-61.58,-62.75,33.76796774100512,37.61406473070383,-0.3503829874098301
11,-61.42,-62.75,33.776360331103206,39.216286554932594,-0.26749471575021744
11,-61.25,-62.75,33.77941218204796,40.13184188306331,-0.22696613520383835
11,-61.08,-62.75,33.77941218204796,41.123693488538265,-0.20938747376203537
11,-60.92,-62.75,33.78297267481685,42.47159438828627,-0.16251104325056076
11,-60.58,-62.75,33.78704180940986,44.09924830496311,-0.14236882701516151
11,-60.42,-62.75,33.78958501853049,43.64147064089775,-0.0882900282740593
11,-60.25,-62.75,33.79161958582699,43.031100422143936,-0.02920619398355484
11,-60.08,-62.75,33.79161958582699,43.33628553152084,0.01950134709477425
11,-60.08,-62.58,33.79238254856318,42.99295228347182,0.026642678305506703
11,-59.92,-62.58,33.7936541531235,42.522458573182426,0.13840145990252495
11,-59.75,-62.58,33.79619736224413,41.581471152603626,0.21799373254179957
11,-59.58,-62.58,33.79619736224413,41.009249072521925,0.2489395011216402
11,-59.42,-62.58,33.79314551129937,41.123693488538265,0.26450394093990326
11,-59.25,-62.58,33.79467143677175,41.5051748752594,0.31907103583216667
11,-59.08,-62.58,33.80611587781459,41.16184162721038,0.4714194349944591
11,-58.92,-62.58,33.84858747012913,40.08097769816717,0.9681386947631836
11,-58.75,-62.58,33.87936030048877,41.04739721119404,1.4012573808431623
11,-58.58,-62.58,33.89957881299779,41.73406370729208,1.6969817373901606
11,-58.42,-62.75,33.94929855130613,43.99751993517081,2.319254145026207
11,-58.42,-62.58,33.945738058537245,43.81949528803428,2.270668677985668
11,-58.25,-62.75,33.97930841892958,43.94665575027466,2.747489869594574
11,-58.08,-62.75,33.995330636389554,45.014803633093834,3.0049440152943134
11,-57.92,-62.75,34.01643927209079,45.82863059143225,3.4005859717726707
11,-57.75,-62.92,34.03729358687997,47.45628450810909,3.754356533288956
11,-57.75,-62.75,34.029663959518075,46.38813662528992,3.6637775972485542
11,-57.58,-62.92,34.043397288769484,46.54072917997837,3.882412198930979
11,-57.58,-62.75,34.03729358687997,46.23554407060146,3.788293115794658
11,-57.58,-62.58,34.030426922254264,46.044803377240896,3.7108371388167143
11,-57.42,-62.58,34.04314296785742,49.058506332337856,3.9727469868958
11,-57.42,-61.92,34.033563546836376,47.13414467043347,3.814823873341083
11,-57.42,-61.75,34.032207168638706,46.38813662528992,3.817102588713169
11,-57.42,-61.58,34.03271581046283,46.08295151591301,3.826136067509651
11,-57.42,-61.42,34.03322445228696,45.50649075375663,3.835413694381714
11,-57.42,-61.08,34.034496056847274,44.04838412006696,3.848109394311905
11,-57.25,-62.08,34.04721210245043,46.76961801201105,4.052339259535074
11,-57.25,-61.92,34.04492321424186,45.37085292736689,4.063447996973991
11,-57.08,-60.58,34.05865654349327,41.581471152603626,4.388897381722927
11,-56.92,-60.58,34.06348864082247,41.73406370729208,4.558091998100281
11,-56.92,-60.42,34.05780880711973,41.488220146960685,4.4659667909145355
11,-56.92,-60.25,34.05306148342788,41.3017181356748,4.392071306705475
11,-56.75,-60.25,34.06170839443803,40.13184188306331,4.604235984385014
11,-56.75,-60.08,34.06018246896565,40.437026992440224,4.580431547015905
11,-56.58,-60.08,34.067049133591354,39.71221235767007,4.7216101717203856
11,-56.42,-59.92,34.078493574634194,37.927727204230095,4.93009228259325
11,-56.42,-59.75,34.07798493281007,37.69036100804806,4.922605074942112
11,-56.25,-59.58,34.08230838831514,37.84295356273651,5.030152302235365
11,-56.08,-59.58,34.084215795155615,38.109990533441305,5.0982696153223515
11,-56.08,-59.42,34.08612320199609,38.83480516821146,5.102908428758383
11,-55.92,-59.42,34.09120962023735,38.19900285700957,5.250658705830574
11,-55.75,-59.42,34.09578739665449,38.046410302321114,5.379650272428989
11,-55.58,-59.42,34.09934788942337,39.08912609269222,5.5110019370913506
11,-51.58,-0.08,33.711889979895204,60.00702213123441,1.4305551499128342
11,15.92,61.92,35.984883131459355,25.610117095212143,27.56855982542038
11,17.42,60.42,35.97369301132858,23.65184597671032,27.422925498336554
11,18.75,57.92,36.15451517980546,20.142217218875885,27.4751731865108
11,18.75,58.08,36.17002875544131,21.006908362110455,27.48323007300496
11,18.92,58.58,36.139340698719025,21.68509749405914,27.471714422106743
11,18.92,58.75,36.14154481329024,21.97332787513733,27.472853779792786
11,18.92,58.92,36.14586826879531,21.820735320448875,27.472609631717205
11,19.08,58.42,36.168248509056866,20.52369860559702,27.481032740324736
11,19.25,58.08,36.16697690449655,18.48913120975097,27.395336765795943
11,19.42,57.92,35.99124115426093,16.429131721456844,27.092104855924845
11,19.42,58.08,36.16663780994713,18.05678563813369,27.304879903793335
11,24.42,-64.42,36.537268152460456,41.04739721119404,27.060243532061577
11,25.92,-97.08,33.395896246656775,18.71802004178365,24.13372193276882
11,25.92,-96.92,33.98541212081909,19.786167924602825,24.4363841637969
11,25.92,-96.75,34.490747773088515,21.820735320448875,24.7182531170547
11,25.92,-96.58,35.23548417724669,28.41612462864982,25.2052064538002
11,25.92,-96.42,35.6542659457773,35.29974431792895,25.536759540438652
11,26.08,-96.75,34.412671253085136,21.21036510169506,24.61095003783703
11,26.08,-96.42,35.67461161874235,35.70665779709816,25.51185643672943
11,26.25,-96.92,33.92895287834108,18.692587949335575,24.294534131884575
11,26.42,-96.92,34.273303393274546,19.07406933605671,24.388042844831944
11,26.42,-96.42,35.77990047633648,38.70764470597109,25.525772877037525
11,26.58,-97.08,33.751945523545146,17.44641541937987,24.069185458123684
11,26.58,-96.58,35.601875837892294,36.52048475543658,25.30188909173012
11,26.75,-96.58,35.672068409621716,38.63134842862686,25.345225375145674
11,26.92,-97.08,33.872493635863066,18.42978966070546,24.02304147183895
11,26.92,-96.58,35.69868733175099,39.50451693601079,25.312550224363804
11,26.92,-96.42,35.85111033171415,42.77677949766318,25.497695848345757
11,27.08,-97.42,32.09631638601422,15.869625687599182,23.068422496318817
11,27.08,-97.25,32.480086642317474,16.251107074320316,23.321115754544735
11,27.08,-97.08,33.63597518764436,17.548143789172173,23.833094269037247
11,27.08,-96.92,34.58510083146393,22.88888320326805,24.364848777651787
11,27.08,-96.75,35.07263401988894,28.76369655877352,24.702505566179752
11,27.08,-96.58,35.624764719977975,38.14813867211342,25.18347727507353
11,27.08,-96.42,35.84093749523163,42.72591531276703,25.42176579684019
11,27.25,-96.92,34.32035276200622,20.37110605090857,24.14767906442285
11,27.25,-96.25,35.900830070022494,44.28998899832368,25.444471567869183
11,27.42,-96.92,33.589688781648874,16.63258846104145,23.65047150850296
11,27.42,-96.08,35.868404153734446,44.845256350106666,25.35185806453228
11,27.42,-95.92,35.905026365071535,45.21826037267844,25.40076906234026
11,27.42,-94.42,36.03727323934436,47.761469617486,25.45423749089241
11,27.58,-96.58,34.54440948553383,22.685426463683445,24.143406473100185
11,27.58,-96.25,35.41825613938272,37.15628706663847,24.826288640499115
11,27.58,-96.08,35.59678941965103,40.33529862264792,24.97985778003931
11,27.58,-95.92,35.67461161874235,41.65776742994785,25.058473460376263
11,27.58,-95.58,35.873999213799834,45.6760380367438,25.27454450726509
11,27.58,-95.42,35.940122650936246,47.151099398732185,25.345591597259045
11,27.58,-95.25,35.953093017451465,47.22739567607641,25.36463514715433
11,27.58,-95.08,35.95945104025304,47.35455613831679,25.37586595863104
11,27.58,-94.92,35.95843375660479,47.608877062797546,25.369029812514786
11,27.58,-94.75,35.95995968207717,47.151099398732185,25.35584581643343
11,27.58,-94.58,35.97725350409746,46.79505010445913,25.33582567423582
11,27.58,-94.42,35.9935300424695,46.54072917997837,25.33094271272421
11,27.58,-94.08,36.002685595303774,46.84591428935528,25.357310704886913
11,27.58,-93.92,36.01031522266567,46.99850684404373,25.379284031689167
11,27.58,-93.58,36.009297939017415,47.151099398732185,25.415906243026257
11,27.58,-93.42,36.00878929719329,46.84591428935528,25.42982268333435
11,27.58,-93.25,36.01565596181899,46.464432902634144,25.444105345755816
11,27.58,-93.08,36.03523867204785,46.54072917997837,25.467909783124924
11,27.58,-92.08,36.024048551917076,45.7777664065361,25.52308724820614
11,27.75,-96.42,34.5446638064459,22.43110553920269,24.082857750356197
11,27.75,-95.25,35.87832266930491,46.27369220927358,25.197088530287147
11,27.75,-94.42,35.93707079999149,45.472581297159195,25.199102751910686
11,27.75,-93.08,35.99759917706251,46.84591428935528,25.35584581643343
11,27.75,-92.75,36.014892999082804,46.42628476396203,25.38441114127636
11,27.75,-92.58,36.000396707095206,45.90492686877648,25.390881065279245
11,27.75,-92.42,35.98437448963523,45.62517385184765,25.391003139317036
11,27.75,-92.08,35.96962387673557,44.68418643126885,25.374401070177555
11,27.75,-91.92,35.964537458494306,44.480729691684246,25.36866359040141
11,27.75,-91.58,35.92486339621246,44.70961852371693,25.34754478186369
11,27.75,-90.58,35.78676714096218,39.724928403894104,25.120609145611525
11,27.92,-96.58,32.23873609676957,13.68246573706468,22.745658740401268
11,27.92,-96.42,33.14767903648317,15.615304763118424,23.15997802466154
11,27.92,-96.08,34.28754536435008,21.413821841279667,23.776207767426968
11,27.92,-95.92,34.66902673244476,25.43209244807561,24.017426066100597
11,27.92,-95.58,35.2648158557713,34.46896263129182,24.487492494285107
11,27.92,-95.42,35.46606847085059,38.453323781490326,24.67271950095892
11,27.92,-94.25,35.8094017021358,45.14196409533421,24.93896297737956
11,27.92,-93.08,35.905195912346244,46.693321734666824,25.141321040689945
11,27.92,-92.08,35.87467740289867,44.9808941764964,25.13041575998068
11,27.92,-91.42,35.78956467099488,42.36986601849397,25.08581804484129
11,27.92,-91.25,35.77761158812791,41.25085395077864,25.06738486513495
11,27.92,-91.08,35.710216546431184,39.43669802281592,25.010945968329903
11,27.92,-90.75,35.575172142125666,35.579497334857784,24.88500625267625
11,27.92,-90.58,35.502690682187676,32.94303708440728,24.818964198231697
11,28.08,-95.42,34.97726367786527,29.297770500183105,24.13339640200138
11,28.08,-95.08,35.31296728178859,36.36789220074812,24.430524609982967
11,28.08,-94.92,35.39384133182466,37.84295356273651,24.512070067226887
11,28.08,-94.58,35.48997463658452,40.08097769816717,24.594347968697548
11,28.08,-94.42,35.56169313378632,41.04739721119404,24.65709402412176
11,28.08,-94.08,35.70156963542104,44.760482708613075,24.802117981016636
11,28.08,-93.08,35.77684862539172,44.760482708613075,24.916867576539516
11,28.08,-92.08,35.757520236074924,45.7777664065361,24.931516461074352
11,28.08,-91.08,35.38672034628689,32.705670888225235,24.66905727982521
11,28.08,-90.92,35.29007839970291,30.67110349237919,24.620471812784672
11,28.08,-90.58,35.119683388620615,26.55110451579094,24.522568434476852
11,28.25,-95.58,33.76695045735687,18.234810285270218,23.185125276446342
11,28.25,-95.42,34.39436014741659,22.43110553920269,23.59468367323279
11,28.25,-94.75,35.152363625820726,34.524065498262644,24.23117770627141
11,28.25,-94.25,35.412152437493205,38.3770275041461,24.489730518311266
11,28.25,-94.08,35.49022895749658,40.69134791692098,24.58336130529642
11,28.25,-93.75,35.49989315215498,41.009249072521925,24.60856959410012
11,28.25,-93.58,35.52151042968035,41.403446505467095,24.631092254072428
11,28.25,-93.42,35.52888573613018,40.74221210181713,24.64793847128749
11,28.25,-93.08,35.57568078394979,40.92023674895366,24.70091860368848
11,28.25,-92.92,35.58687090408057,41.73406370729208,24.712759785354137
11,28.25,-92.08,35.58203880675137,42.39529811094204,24.75499740242958
11,28.25,-91.58,35.294910497032106,35.2488801330328,24.577135529369116
11,28.25,-91.25,35.008926631417125,29.41221491619945,24.373821219429377
11,28.25,-90.58,34.75524152163416,24.160487825671833,24.297585982829332
11,28.25,-64.42,36.67714465409517,47.379988230764866,25.467543561011553
11,28.42,-95.58,32.00221764855087,13.004276605115995,22.191361226141453
11,28.42,-94.75,34.50931319966912,25.55925291031599,23.520340584218506
11,28.42,-94.08,34.99133610166609,29.959004903833073,23.94108910113573
11,28.42,-93.08,35.15291465446353,33.02781072590086,24.270282089710236
11,28.42,-92.58,35.17495580017567,32.790444529718826,24.36183761805296
11,28.42,-92.42,35.176651272922754,33.51949784656366,24.393414102494717
11,28.42,-92.25,35.08891055826098,31.637523005406063,24.327860344201326
11,28.42,-92.08,34.908427484333515,29.077359032299785,24.19028290361166
11,28.42,-91.75,34.61282181087881,25.762709649900597,23.962492749094963
11,28.42,-90.58,34.043397288769484,18.192423464523426,23.81746879220009
11,28.58,-95.58,30.229092249646783,11.088392307360968,21.47828608006239
11,28.58,-94.92,33.48033078946173,16.937773570418358,22.651661731302735
11,28.58,-94.08,34.44318976253271,21.719006950656578,23.233954891562465
11,28.58,-93.08,34.66648352332413,25.940734297037125,23.766197696328163
11,28.58,-92.08,33.948789909482,20.34567395846049,23.415112763643265
11,28.58,-90.58,32.91166923008859,13.479008997480074,23.187078461050987
11,28.75,-94.92,32.51976070459932,13.657033644616604,22.045564133673903
11,28.75,-94.08,33.88164918869734,19.608143277466297,22.739921260625124
11,28.75,-93.08,34.19192070141435,22.151352522273857,23.34015930444002
11,28.75,-92.08,33.03221734240651,16.75974892328183,22.68047120422125
11,28.75,-90.58,31.691437494009733,11.978515543043612,22.651661731302735
11,28.92,-94.92,30.533768702298403,11.495305786530176,21.262947477400303
11,28.92,-94.08,32.810958148911595,15.76789731780688,21.986683756113052
11,28.92,-93.08,33.34825346246362,19.091024064355427,22.696015298366547
11,28.92,-92.08,31.36675446294248,10.511931545204586,21.44605853408575
11,28.92,-90.58,29.095838265493512,7.612673006123966,21.591814935207367
11,29.08,-94.92,28.679769253358245,8.850368171930313,20.67332987487316
11,29.08,-94.08,31.588691845536232,12.410861114660898,21.26978362351656
11,29.08,-93.08,32.37454346381128,15.157527099053064,21.98513748496771
11,29.08,-92.08,29.42391224205494,6.9683933307727175,20.633533738553524
11,29.25,-94.08,30.44221317395568,10.19826907167832,20.847041230648756
11,29.25,-93.08,31.15024259313941,12.563453669349352,21.30738242715597
11,29.42,-94.08,28.374202677514404,9.26999769732356,20.38319040555507
11,29.42,-93.08,28.823396988445893,9.365368044003844,20.51155125629157
11,29.75,-64.92,36.62068541161716,49.7451728284359,24.867305517196655
11,30.58,-147.42,35.226498171687126,57.27307219306628,22.281533248722553
11,30.58,-143.08,35.100100678391755,57.1459117308259,21.81447798013687
11,31.08,-81.08,35.24124878458679,14.54715688029925,20.895260475575924
11,31.08,-80.92,35.653248662129045,18.005921453237534,21.49879451841116
11,31.08,-79.75,36.1514633288607,38.682212613523006,26.38602862134576
11,31.25,-81.08,35.06398710887879,13.885922476649284,20.655629139393568
11,31.42,-80.92,35.44419687241316,15.818761502703031,20.887691885232925
11,31.58,-136.92,34.43810334429145,50.71159234146277,20.55809198319912
11,33.42,-118.58,33.467614743858576,19.735303739706676,17.186040837317705
11,33.42,-64.42,36.46504101343453,63.554799027740955,23.46687215566635
11,34.58,-64.42,36.43655707128346,68.66664960980415,23.313303016126156
11,46.92,-62.58,29.277932038530707,18.501847255975008,6.5580309592187405
11,47.58,-64.08,27.95749786309898,14.470860602955025,6.066072586923838
12,-76.58,-178.08,34.03958247508854,14.394564325610796,-0.9153416343033314
12,-76.58,169.08,33.987785782665014,11.173165948854551,-0.7433393150568008
12,-76.58,171.92,34.36180707067251,14.979502451916536,-0.14127016067504883
12,-76.58,172.42,34.342478681355715,15.615304763118424,-0.16983548551797867
12,-76.58,175.92,34.353160159662366,22.939747388164204,-0.3724783882498741
12,-69.92,-85.58,33.41166414320469,13.173823888103168,-1.705771028995514
12,-69.92,-85.42,33.40861229225993,13.27555225789547,-1.705038584768772
12,-69.92,-85.25,33.40861229225993,13.351848535239697,-1.7032074742019176
12,-69.75,-85.25,33.41319006867707,13.351848535239697,-1.6594439316540956
12,-69.75,-85.08,33.41395303141326,13.657033644616604,-1.6535233408212662
12,-69.58,-85.25,33.438113518059254,14.089379216233889,-1.5570848509669304
12,-69.58,-85.08,33.43438347801566,14.14024340113004,-1.5473189279437063
12,-69.42,-85.25,33.452864130958915,14.648885250091553,-1.512771975249052
12,-69.42,-85.08,33.448794996365905,14.54715688029925,-1.5016632378101349
12,-69.25,-85.08,33.461765362881124,14.4962926954031,-1.4650410264730451
12,-69.08,-85.25,33.47524437122047,14.54715688029925,-1.3643299452960491
12,-69.08,-85.08,33.48507811315358,14.564111608597967,-1.3238420560956
12,-68.42,-85.08,33.569343108683825,18.005921453237534,-0.9799188002943992
12,-68.42,-84.92,33.571886317804456,18.005921453237534,-0.9572130292654036
12,-68.25,-85.08,33.575955452397466,18.53999539464712,-0.9325540736317636
12,-68.08,-85.08,33.57951594516635,19.396209173732338,-0.857926145195961
12,-67.92,-85.08,33.59324927441776,20.243945588668183,-0.7731253802776337
12,-67.75,-85.08,33.60164186451584,20.42197023580472,-0.7314981333911419
12,-67.58,-85.08,33.596301125362515,20.92213472061687,-0.7007761672139168
12,-64.92,-169.42,33.69345171377063,20.59999488294125,-0.8778649047017097
12,-64.42,-169.42,33.68938257917762,22.43110553920269,-0.7247840613126755
12,-63.25,-170.08,33.7122714612633,30.518510937690735,0.08102666214108467
12,-63.25,-169.92,33.71634059585631,30.36591838300228,0.054536595940589905
12,-62.58,-169.92,33.73032824601978,32.27332531660795,0.2444837987422943
12,-61.92,-168.92,33.737364457920194,33.349950563576485,0.49473557621240616
12,-61.08,-169.42,33.81094797514379,32.52764624108871,1.7397686876356602
12,-60.42,-170.25,33.892839308828115,34.18073225021362,2.9337748512625694
12,-56.92,-170.42,34.060691110789776,31.29842843943172,5.6455275267362595
12,-55.92,-171.92,34.131392324343324,30.925424416859943,6.495406977832317
12,-54.42,-173.42,34.274659771472216,31.467975722418892,7.974293254315853
12,-53.08,-174.92,34.362061391584575,33.54492993901173,8.929074995219707
12,-53.08,-174.75,34.36002682428807,32.88369553536177,8.906613372266293
12,-49.42,2.08,33.802301064133644,49.49085190395514,4.3706676587462425
12,-47.08,4.42,33.886989927850664,41.09826139609019,6.229041427373886
12,-33.92,17.08,35.50879438407719,16.429131721456844,19.52754295617342
12,-32.92,16.42,35.50455570220947,15.259255468845367,19.415885902941227
12,-32.58,17.58,35.00549329910427,10.986663937568665,17.051393173635006
12,-31.08,15.25,35.318562341853976,14.90320617457231,19.236030153930187
12,-30.08,16.92,34.91622665897012,10.26184930279851,14.952665797434747
12,-29.58,16.42,34.98777560889721,10.817116654581492,16.90612506866455
12,-29.58,16.58,34.95386615395546,10.681478828191755,16.051850952208042
12,-20.08,79.92,35.009816754609346,21.193410373396343,25.381237216293812
12,-19.08,79.92,34.935555048286915,21.36295765638351,25.680969670414925
12,-17.08,79.92,34.729555109515786,23.872257444593643,26.653574220836163
12,-15.08,79.92,34.55534528475255,25.381228263179462,27.464674819260836
12,-13.25,79.92,34.418266313150525,24.719993859529495,28.106906332075596
12,-12.08,79.92,34.34273300226778,23.90616690119107,28.31382182613015
12,-10.08,79.92,34.212266374379396,18.361970747510593,28.492171995341774
12,-7.08,79.92,34.18564745225012,14.191107586026192,28.593005150556564
12,-5.08,79.92,34.415384009480476,14.54715688029925,28.50128685683012
12,-4.08,79.92,34.538814425468445,14.648885250091553,28.491439551115036
12,-1.42,79.92,34.82416248880327,17.802464713652927,28.601062037050724
12,-0.42,79.92,34.91063159890473,19.20122979829709,28.691396825015545
12,0.42,79.92,34.95971553493291,17.7261684363087,28.745109401643276
12,1.92,79.92,34.77558719459921,14.013082938889662,28.695791490375996
12,3.58,79.92,34.09833060577512,14.30979068411721,28.483952343463898
12,5.08,79.92,32.457452081143856,13.78419410685698,28.196020379662514
12,5.58,79.92,31.59021777100861,12.309132744868595,28.074678786098957
12,5.75,79.92,31.63319800514728,12.817774593830109,28.12106692045927
12,7.92,66.75,36.078600387554616,26.13147499039769,28.67912838421762
12,7.92,66.92,36.06423125602305,26.042462666829422,28.69298378750682
12,10.08,65.42,36.442660773172975,34.43505317469438,28.232886739075184
12,11.92,64.42,36.43223361577839,36.062707091371216,27.604327518492937
12,11.92,66.92,36.47267064079642,31.688387190302212,28.00656147301197
12,12.42,154.92,34.26084166858345,47.11295126006007,28.41966001689434
12,13.92,63.08,36.24505342449993,40.894804656505585,26.92620623856783
12,14.08,66.92,36.51793976314366,35.52015578581227,27.61364583671093
12,15.92,61.92,36.17028307635337,43.794063195586205,26.499191254377365
12,16.42,61.58,36.12086004577577,42.87850786745548,26.35774813592434
12,16.58,61.42,36.08661149628461,41.73406370729208,26.31205175444484
12,17.08,61.42,36.09958186279982,41.352582320570946,26.25528732687235
12,19.92,149.92,34.8480686545372,50.30467886229357,27.652180541306738
12,19.92,154.92,34.88036741036922,52.56813509017229,27.594683669507504
12,21.42,118.42,34.274829318746924,59.62977942658795,25.4417859390378
12,22.92,159.92,35.20055743865669,52.28838207324346,26.511642806231976
12,27.42,-155.08,35.408083302900195,67.92911892880996,22.8396557494998
12,28.42,154.92,34.87985876854509,60.70640467355648,23.54585405811667
12,29.42,-141.08,34.951068623922765,76.14368478953838,20.3985412158072
12,30.08,-134.58,34.41114532761276,69.58220493793488,19.439527574926615
12,31.58,-123.58,33.172602485865355,46.28640825549761,16.325785093009472
12,33.42,-118.58,33.44421721994877,26.271351498862103,15.5641651712358
12,47.58,-64.08,28.507085354067385,16.785181015729904,2.407147452235222
12,47.58,-60.08,31.185847520828247,28.33135098715623,3.141056567430496
12,49.58,-66.08,27.46852352283895,10.54584100180202,0.7428714036941528
12,49.58,-62.08,31.100141373462975,31.332337896029156,1.708639807999134
12,77.42,165.25,30.805383436381817,19.735303739706676,-1.6588945984840393
12,77.58,166.25,30.840479722246528,20.29480977356434,-1.6588945984840393
